LOJA;ITEM ;Rede;STATUS 
10 - SUPERMERCADO BAHAMAS VICOSA.;ECONOMICO 30L;BAHAMAS;ATIVO 
10 - SUPERMERCADO BAHAMAS VICOSA.;ECONOMICO 50L;BAHAMAS;ATIVO 
10 - SUPERMERCADO BAHAMAS VICOSA.;BOBINA 20X30;BAHAMAS;ATIVO 
10 - SUPERMERCADO BAHAMAS VICOSA.;ECONOMICO 100L ;BAHAMAS;ATIVO 
11 - SUPERMERCADO BAHAMAS PONTE NOVA.;ECONOMICO 30L;BAHAMAS;ATIVO 
11 - SUPERMERCADO BAHAMAS PONTE NOVA.;BOBINA 20X30;BAHAMAS;ATIVO 
11 - SUPERMERCADO BAHAMAS PONTE NOVA.;ECONOMICO 100L ;BAHAMAS;ATIVO 
11 - SUPERMERCADO BAHAMAS PONTE NOVA.;ECONOMICO 50L;BAHAMAS;ATIVO 
12 - BAHAMAS MIX JF FABRICA.;ECONOMICO 50L;BAHAMAS;ATIVO 
12 - BAHAMAS MIX JF FABRICA.;ECONOMICO 100L ;BAHAMAS;ATIVO 
12 - BAHAMAS MIX JF FABRICA.;BOBINA 20X30;BAHAMAS;ATIVO 
12 - BAHAMAS MIX JF FABRICA.;BOBINA 25X35;BAHAMAS;ATIVO 
12 - BAHAMAS MIX JF FABRICA.;ECONOMICO 30L;BAHAMAS;ATIVO 
12 - BAHAMAS MIX JF FABRICA.;SACOLA 29X39 ;BAHAMAS;ATIVO 
12 - BAHAMAS MIX JF FABRICA.;SACOLA 38X48 ;BAHAMAS;ATIVO 
12 - BAHAMAS MIX JF FABRICA.;BOBINA 30X40;BAHAMAS;ATIVO 
13 - MERCADO BAHAMAS JF POCO RICO.;BOBINA 20X30;BAHAMAS;ATIVO 
14 - BAHAMAS MIX CATAGUASES.;ECONOMICO 30L;BAHAMAS;ATIVO 
14 - BAHAMAS MIX CATAGUASES.;BOBINA 25X35;BAHAMAS;ATIVO 
14 - BAHAMAS MIX CATAGUASES.;BOBINA 20X30;BAHAMAS;ATIVO 
14 - BAHAMAS MIX CATAGUASES.;BOBINA 30X40;BAHAMAS;ATIVO 
14 - BAHAMAS MIX CATAGUASES.;SACOLA 38X48 ;BAHAMAS;ATIVO 
14 - BAHAMAS MIX CATAGUASES.;ECONOMICO 50L;BAHAMAS;ATIVO 
14 - BAHAMAS MIX CATAGUASES.;SACOLA 29X39 ;BAHAMAS;ATIVO 
14 - BAHAMAS MIX CATAGUASES.;ECONOMICO 100L ;BAHAMAS;ATIVO 
15 - SUPERMERCADO BAHAMAS JF INDEPENDENCIA.;ECONOMICO 50L;BAHAMAS;ATIVO 
15 - SUPERMERCADO BAHAMAS JF INDEPENDENCIA.;ECONOMICO 30L;BAHAMAS;ATIVO 
15 - SUPERMERCADO BAHAMAS JF INDEPENDENCIA.;ECONOMICO 100L ;BAHAMAS;ATIVO 
15 - SUPERMERCADO BAHAMAS JF INDEPENDENCIA.;BOBINA 20X30;BAHAMAS;ATIVO 
17 - BAHAMAS MIX UBA AVENIDA;BOBINA 20X30;BAHAMAS;ATIVO 
17 - BAHAMAS MIX UBA AVENIDA;BOBINA 30X40;BAHAMAS;ATIVO 
17 - BAHAMAS MIX UBA AVENIDA;ECONOMICO 100L ;BAHAMAS;ATIVO 
17 - BAHAMAS MIX UBA AVENIDA;ECONOMICO 30L;BAHAMAS;ATIVO 
17 - BAHAMAS MIX UBA AVENIDA;SACOLA 29X39 ;BAHAMAS;ATIVO 
17 - BAHAMAS MIX UBA AVENIDA;BOBINA 25X35;BAHAMAS;ATIVO 
17 - BAHAMAS MIX UBA AVENIDA;ECONOMICO 50L;BAHAMAS;ATIVO 
17 - BAHAMAS MIX UBA AVENIDA;SACOLA 38X48 ;BAHAMAS;ATIVO 
18 - MERCADO BAHAMAS JF GRAMA.;BOBINA 20X30;BAHAMAS;ATIVO 
19 - BAHAMAS MIX FERREIRA GUIMARAES;ECONOMICO 50L;BAHAMAS;ATIVO 
19 - BAHAMAS MIX FERREIRA GUIMARAES;ECONOMICO 30L;BAHAMAS;ATIVO 
19 - BAHAMAS MIX FERREIRA GUIMARAES;BOBINA 20X30;BAHAMAS;ATIVO 
19 - BAHAMAS MIX FERREIRA GUIMARAES;ECONOMICO 100L ;BAHAMAS;ATIVO 
19 - BAHAMAS MIX FERREIRA GUIMARAES;BOBINA 30X40;BAHAMAS;ATIVO 
19 - BAHAMAS MIX FERREIRA GUIMARAES;BOBINA 25X35;BAHAMAS;ATIVO 
19 - BAHAMAS MIX FERREIRA GUIMARAES;SACOLA 29X39 ;BAHAMAS;ATIVO 
19 - BAHAMAS MIX FERREIRA GUIMARAES;SACOLA 38X48 ;BAHAMAS;ATIVO 
02 - HIPER BAHAMAS SAO PEDRO;ECONOMICO 50L;BAHAMAS;ATIVO 
02 - HIPER BAHAMAS SAO PEDRO;ECONOMICO 100L ;BAHAMAS;ATIVO 
02 - HIPER BAHAMAS SAO PEDRO;ECONOMICO 30L;BAHAMAS;ATIVO 
02 - HIPER BAHAMAS SAO PEDRO;BOBINA 20X30;BAHAMAS;ATIVO 
20 - BAHAMAS MIX BENFICA.;ECONOMICO 50L;BAHAMAS;ATIVO 
20 - BAHAMAS MIX BENFICA.;ECONOMICO 100L ;BAHAMAS;ATIVO 
20 - BAHAMAS MIX BENFICA.;BOBINA 25X35;BAHAMAS;ATIVO 
20 - BAHAMAS MIX BENFICA.;ECONOMICO 30L;BAHAMAS;ATIVO 
20 - BAHAMAS MIX BENFICA.;BOBINA 20X30;BAHAMAS;ATIVO 
20 - BAHAMAS MIX BENFICA.;BOBINA 30X40;BAHAMAS;ATIVO 
20 - BAHAMAS MIX BENFICA.;SACOLA 29X39 ;BAHAMAS;ATIVO 
20 - BAHAMAS MIX BENFICA.;SACOLA 38X48 ;BAHAMAS;ATIVO 
21 - HIPER BAHAMAS GETULIO VARGAS;ECONOMICO 50L;BAHAMAS;ATIVO 
21 - HIPER BAHAMAS GETULIO VARGAS;ECONOMICO 30L;BAHAMAS;ATIVO 
21 - HIPER BAHAMAS GETULIO VARGAS;ECONOMICO 100L ;BAHAMAS;ATIVO 
21 - HIPER BAHAMAS GETULIO VARGAS;BOBINA 20X30;BAHAMAS;ATIVO 
23 - SUPERMERCADO BAHAMAS ALEM PARAIBA.;ECONOMICO 50L;BAHAMAS;ATIVO 
23 - SUPERMERCADO BAHAMAS ALEM PARAIBA.;ECONOMICO 30L;BAHAMAS;ATIVO 
23 - SUPERMERCADO BAHAMAS ALEM PARAIBA.;ECONOMICO 100L ;BAHAMAS;ATIVO 
23 - SUPERMERCADO BAHAMAS ALEM PARAIBA.;BOBINA 20X30;BAHAMAS;ATIVO 
25 - SUPERMERCADO BAHAMAS JF TEIXEIRAS.;ECONOMICO 50L;BAHAMAS;ATIVO 
25 - SUPERMERCADO BAHAMAS JF TEIXEIRAS.;ECONOMICO 100L ;BAHAMAS;ATIVO 
25 - SUPERMERCADO BAHAMAS JF TEIXEIRAS.;ECONOMICO 30L;BAHAMAS;ATIVO 
25 - SUPERMERCADO BAHAMAS JF TEIXEIRAS.;BOBINA 20X30;BAHAMAS;ATIVO 
26 - BAHAMAS MIX JF SALVATERRA;ECONOMICO 50L;BAHAMAS;ATIVO 
26 - BAHAMAS MIX JF SALVATERRA;ECONOMICO 100L ;BAHAMAS;ATIVO 
26 - BAHAMAS MIX JF SALVATERRA;ECONOMICO 30L;BAHAMAS;ATIVO 
26 - BAHAMAS MIX JF SALVATERRA;BOBINA 25X35;BAHAMAS;ATIVO 
26 - BAHAMAS MIX JF SALVATERRA;BOBINA 20X30;BAHAMAS;ATIVO 
26 - BAHAMAS MIX JF SALVATERRA;BOBINA 30X40;BAHAMAS;ATIVO 
26 - BAHAMAS MIX JF SALVATERRA;SACOLA 29X39 ;BAHAMAS;ATIVO 
26 - BAHAMAS MIX JF SALVATERRA;SACOLA 38X48 ;BAHAMAS;ATIVO 
27 - SUPERMERCADO BAHAMAS SAO JOAO DEL REI.;ECONOMICO 100L ;BAHAMAS;ATIVO 
27 - SUPERMERCADO BAHAMAS SAO JOAO DEL REI.;ECONOMICO 50L;BAHAMAS;ATIVO 
27 - SUPERMERCADO BAHAMAS SAO JOAO DEL REI.;BOBINA 20X30;BAHAMAS;ATIVO 
27 - SUPERMERCADO BAHAMAS SAO JOAO DEL REI.;ECONOMICO 30L;BAHAMAS;ATIVO 
28 - BAHAMAS MIX BARB.;ECONOMICO 30L;BAHAMAS;ATIVO 
28 - BAHAMAS MIX BARB.;ECONOMICO 100L ;BAHAMAS;ATIVO 
28 - BAHAMAS MIX BARB.;ECONOMICO 50L;BAHAMAS;ATIVO 
28 - BAHAMAS MIX BARB.;BOBINA 30X40;BAHAMAS;ATIVO 
28 - BAHAMAS MIX BARB.;BOBINA 20X30;BAHAMAS;ATIVO 
28 - BAHAMAS MIX BARB.;BOBINA 25X35;BAHAMAS;ATIVO 
28 - BAHAMAS MIX BARB.;SACOLA 38X48 ;BAHAMAS;ATIVO 
28 - BAHAMAS MIX BARB.;SACOLA 29X39 ;BAHAMAS;ATIVO 
3 - SUPERMERCADO BAHAMAS BARBACENA.;ECONOMICO 50L;BAHAMAS;ATIVO 
3 - SUPERMERCADO BAHAMAS BARBACENA.;BOBINA 20X30;BAHAMAS;ATIVO 
3 - SUPERMERCADO BAHAMAS BARBACENA.;ECONOMICO 30L;BAHAMAS;ATIVO 
3 - SUPERMERCADO BAHAMAS BARBACENA.;ECONOMICO 100L ;BAHAMAS;ATIVO 
30 - SUPERMERCADO BAHAMAS CATAGUASES 2.;ECONOMICO 50L;BAHAMAS;ATIVO 
30 - SUPERMERCADO BAHAMAS CATAGUASES 2.;ECONOMICO 30L;BAHAMAS;ATIVO 
30 - SUPERMERCADO BAHAMAS CATAGUASES 2.;ECONOMICO 100L ;BAHAMAS;ATIVO 
30 - SUPERMERCADO BAHAMAS CATAGUASES 2.;BOBINA 20X30;BAHAMAS;ATIVO 
32 - BAHAMAS MIX UBERLANDIA J. PINHEIRO;BOBINA 30X40;BAHAMAS;ATIVO 
32 - BAHAMAS MIX UBERLANDIA J. PINHEIRO;BOBINA 20X30;BAHAMAS;ATIVO 
32 - BAHAMAS MIX UBERLANDIA J. PINHEIRO;SACOLA 38X48 ;BAHAMAS;ATIVO 
32 - BAHAMAS MIX UBERLANDIA J. PINHEIRO;SACOLA 29X39 ;BAHAMAS;ATIVO 
32 - BAHAMAS MIX UBERLANDIA J. PINHEIRO;BOBINA 25X35;BAHAMAS;ATIVO 
33 - SUPERMERCADO BAHAMAS UBERLANDIA STA ROSA.;BOBINA 20X30;BAHAMAS;ATIVO 
34 - BAHAMAS MIX MURIAE.;BOBINA 25X35;BAHAMAS;ATIVO 
34 - BAHAMAS MIX MURIAE.;BOBINA 20X30;BAHAMAS;ATIVO 
34 - BAHAMAS MIX MURIAE.;ECONOMICO 50L;BAHAMAS;ATIVO 
34 - BAHAMAS MIX MURIAE.;BOBINA 30X40;BAHAMAS;ATIVO 
34 - BAHAMAS MIX MURIAE.;ECONOMICO 30L;BAHAMAS;ATIVO 
34 - BAHAMAS MIX MURIAE.;SACOLA 38X48 ;BAHAMAS;ATIVO 
34 - BAHAMAS MIX MURIAE.;ECONOMICO 100L ;BAHAMAS;ATIVO 
34 - BAHAMAS MIX MURIAE.;SACOLA 29X39 ;BAHAMAS;ATIVO 
35 - BAHAMAS MIX LEOPOLDINA.;BOBINA 20X30;BAHAMAS;ATIVO 
35 - BAHAMAS MIX LEOPOLDINA.;BOBINA 25X35;BAHAMAS;ATIVO 
35 - BAHAMAS MIX LEOPOLDINA.;ECONOMICO 50L;BAHAMAS;ATIVO 
35 - BAHAMAS MIX LEOPOLDINA.;SACOLA 38X48 ;BAHAMAS;ATIVO 
35 - BAHAMAS MIX LEOPOLDINA.;ECONOMICO 100L ;BAHAMAS;ATIVO 
35 - BAHAMAS MIX LEOPOLDINA.;BOBINA 30X40;BAHAMAS;ATIVO 
35 - BAHAMAS MIX LEOPOLDINA.;ECONOMICO 30L;BAHAMAS;ATIVO 
35 - BAHAMAS MIX LEOPOLDINA.;SACOLA 29X39 ;BAHAMAS;ATIVO 
38 - SUPERMERCADO BAHAMAS UBERLANDIA GRANADA;ECONOMICO 100L ;BAHAMAS;ATIVO 
38 - SUPERMERCADO BAHAMAS UBERLANDIA GRANADA;BOBINA 20X30;BAHAMAS;ATIVO 
39 - BAHAMAS MIX UBERLANDIA AEROPORTO;BOBINA 25X35;BAHAMAS;ATIVO 
39 - BAHAMAS MIX UBERLANDIA AEROPORTO;SACOLA 29X39 ;BAHAMAS;ATIVO 
39 - BAHAMAS MIX UBERLANDIA AEROPORTO;BOBINA 30X40;BAHAMAS;ATIVO 
39 - BAHAMAS MIX UBERLANDIA AEROPORTO;BOBINA 20X30;BAHAMAS;ATIVO 
39 - BAHAMAS MIX UBERLANDIA AEROPORTO;SACOLA 38X48 ;BAHAMAS;ATIVO 
4 - MERCADO BAHAMAS JF STA LUZIA.;BOBINA 20X30;BAHAMAS;ATIVO 
40 - BAHAMAS MIX UBA;BOBINA 25X35;BAHAMAS;ATIVO 
40 - BAHAMAS MIX UBA;BOBINA 20X30;BAHAMAS;ATIVO 
40 - BAHAMAS MIX UBA;BOBINA 30X40;BAHAMAS;ATIVO 
40 - BAHAMAS MIX UBA;ECONOMICO 50L;BAHAMAS;ATIVO 
40 - BAHAMAS MIX UBA;ECONOMICO 100L ;BAHAMAS;ATIVO 
40 - BAHAMAS MIX UBA;ECONOMICO 30L;BAHAMAS;ATIVO 
40 - BAHAMAS MIX UBA;SACOLA 38X48 ;BAHAMAS;ATIVO 
40 - BAHAMAS MIX UBA;SACOLA 29X39 ;BAHAMAS;ATIVO 
42 - BAHAMAS MIX ALEM PARAIBA;BOBINA 25X35;BAHAMAS;ATIVO 
42 - BAHAMAS MIX ALEM PARAIBA;ECONOMICO 30L;BAHAMAS;ATIVO 
42 - BAHAMAS MIX ALEM PARAIBA;ECONOMICO 100L ;BAHAMAS;ATIVO 
42 - BAHAMAS MIX ALEM PARAIBA;BOBINA 30X40;BAHAMAS;ATIVO 
42 - BAHAMAS MIX ALEM PARAIBA;BOBINA 20X30;BAHAMAS;ATIVO 
42 - BAHAMAS MIX ALEM PARAIBA;ECONOMICO 50L;BAHAMAS;ATIVO 
42 - BAHAMAS MIX ALEM PARAIBA;SACOLA 29X39 ;BAHAMAS;ATIVO 
42 - BAHAMAS MIX ALEM PARAIBA;SACOLA 38X48 ;BAHAMAS;ATIVO 
43 - BAHAMAS MIX SAO JOAO DEL REI;BOBINA 25X35;BAHAMAS;ATIVO 
43 - BAHAMAS MIX SAO JOAO DEL REI;BOBINA 20X30;BAHAMAS;ATIVO 
43 - BAHAMAS MIX SAO JOAO DEL REI;ECONOMICO 30L;BAHAMAS;ATIVO 
43 - BAHAMAS MIX SAO JOAO DEL REI;BOBINA 30X40;BAHAMAS;ATIVO 
43 - BAHAMAS MIX SAO JOAO DEL REI;ECONOMICO 100L ;BAHAMAS;ATIVO 
43 - BAHAMAS MIX SAO JOAO DEL REI;SACOLA 38X48 ;BAHAMAS;ATIVO 
43 - BAHAMAS MIX SAO JOAO DEL REI;ECONOMICO 50L;BAHAMAS;ATIVO 
43 - BAHAMAS MIX SAO JOAO DEL REI;SACOLA 29X39 ;BAHAMAS;ATIVO 
44 - BAHAMAS MIX UBERABA NSRA DO DESTERRO;BOBINA 20X30;BAHAMAS;ATIVO 
44 - BAHAMAS MIX UBERABA NSRA DO DESTERRO;BOBINA 25X35;BAHAMAS;ATIVO 
44 - BAHAMAS MIX UBERABA NSRA DO DESTERRO;BOBINA 30X40;BAHAMAS;ATIVO 
44 - BAHAMAS MIX UBERABA NSRA DO DESTERRO;SACOLA 29X39 ;BAHAMAS;ATIVO 
44 - BAHAMAS MIX UBERABA NSRA DO DESTERRO;SACOLA 38X48 ;BAHAMAS;ATIVO 
45 - BAHAMAS MIX JF GRAMA;ECONOMICO 50L;BAHAMAS;ATIVO 
45 - BAHAMAS MIX JF GRAMA;ECONOMICO 30L;BAHAMAS;ATIVO 
45 - BAHAMAS MIX JF GRAMA;ECONOMICO 100L ;BAHAMAS;ATIVO 
45 - BAHAMAS MIX JF GRAMA;BOBINA 20X30;BAHAMAS;ATIVO 
45 - BAHAMAS MIX JF GRAMA;BOBINA 25X35;BAHAMAS;ATIVO 
45 - BAHAMAS MIX JF GRAMA;SACOLA 38X48 ;BAHAMAS;ATIVO 
45 - BAHAMAS MIX JF GRAMA;BOBINA 30X40;BAHAMAS;ATIVO 
45 - BAHAMAS MIX JF GRAMA;SACOLA 29X39 ;BAHAMAS;ATIVO 
46 - BAHAMAS MIX VICOSA;ECONOMICO 50L;BAHAMAS;ATIVO 
46 - BAHAMAS MIX VICOSA;BOBINA 20X30;BAHAMAS;ATIVO 
46 - BAHAMAS MIX VICOSA;ECONOMICO 30L;BAHAMAS;ATIVO 
46 - BAHAMAS MIX VICOSA;BOBINA 25X35;BAHAMAS;ATIVO 
46 - BAHAMAS MIX VICOSA;ECONOMICO 100L ;BAHAMAS;ATIVO 
46 - BAHAMAS MIX VICOSA;BOBINA 30X40;BAHAMAS;ATIVO 
46 - BAHAMAS MIX VICOSA;SACOLA 38X48 ;BAHAMAS;ATIVO 
46 - BAHAMAS MIX VICOSA;SACOLA 29X39 ;BAHAMAS;ATIVO 
47 - BAHAMAS MIX UBERLANDIA PLANALTO;BOBINA 20X30;BAHAMAS;ATIVO 
47 - BAHAMAS MIX UBERLANDIA PLANALTO;BOBINA 25X35;BAHAMAS;ATIVO 
47 - BAHAMAS MIX UBERLANDIA PLANALTO;BOBINA 30X40;BAHAMAS;ATIVO 
47 - BAHAMAS MIX UBERLANDIA PLANALTO;SACOLA 29X39 ;BAHAMAS;ATIVO 
47 - BAHAMAS MIX UBERLANDIA PLANALTO;SACOLA 38X48 ;BAHAMAS;ATIVO 
48 - BAHAMAS MIX JF SAO PEDRO;ECONOMICO 100L ;BAHAMAS;ATIVO 
48 - BAHAMAS MIX JF SAO PEDRO;BOBINA 20X30;BAHAMAS;ATIVO 
48 - BAHAMAS MIX JF SAO PEDRO;ECONOMICO 50L;BAHAMAS;ATIVO 
48 - BAHAMAS MIX JF SAO PEDRO;ECONOMICO 30L;BAHAMAS;ATIVO 
48 - BAHAMAS MIX JF SAO PEDRO;BOBINA 25X35;BAHAMAS;ATIVO 
48 - BAHAMAS MIX JF SAO PEDRO;BOBINA 30X40;BAHAMAS;ATIVO 
48 - BAHAMAS MIX JF SAO PEDRO;SACOLA 38X48 ;BAHAMAS;ATIVO 
48 - BAHAMAS MIX JF SAO PEDRO;SACOLA 29X39 ;BAHAMAS;ATIVO 
49 - BAHAMAS MIX UBERABA CHEREN;BOBINA 25X35;BAHAMAS;ATIVO 
49 - BAHAMAS MIX UBERABA CHEREN;BOBINA 30X40;BAHAMAS;ATIVO 
49 - BAHAMAS MIX UBERABA CHEREN;SACOLA 38X48 ;BAHAMAS;ATIVO 
49 - BAHAMAS MIX UBERABA CHEREN;SACOLA 29X39 ;BAHAMAS;ATIVO 
49 - BAHAMAS MIX UBERABA CHEREN;BOBINA 20X30;BAHAMAS;ATIVO 
5 - SUPERMERCADO BAHAMAS JF AV.BRASIL.;ECONOMICO 100L ;BAHAMAS;ATIVO 
5 - SUPERMERCADO BAHAMAS JF AV.BRASIL.;ECONOMICO 50L;BAHAMAS;ATIVO 
5 - SUPERMERCADO BAHAMAS JF AV.BRASIL.;ECONOMICO 30L;BAHAMAS;ATIVO 
5 - SUPERMERCADO BAHAMAS JF AV.BRASIL.;BOBINA 20X30;BAHAMAS;ATIVO 
50 - BAHAMAS MIX PATROCINIO;BOBINA 25X35;BAHAMAS;ATIVO 
50 - BAHAMAS MIX PATROCINIO;BOBINA 20X30;BAHAMAS;ATIVO 
50 - BAHAMAS MIX PATROCINIO;BOBINA 30X40;BAHAMAS;ATIVO 
50 - BAHAMAS MIX PATROCINIO;SACOLA 29X39 ;BAHAMAS;ATIVO 
50 - BAHAMAS MIX PATROCINIO;SACOLA 38X48 ;BAHAMAS;ATIVO 
52 - BAHAMAS MIX ARAGUARI;BOBINA 30X40;BAHAMAS;ATIVO 
52 - BAHAMAS MIX ARAGUARI;BOBINA 25X35;BAHAMAS;ATIVO 
52 - BAHAMAS MIX ARAGUARI;BOBINA 20X30;BAHAMAS;ATIVO 
52 - BAHAMAS MIX ARAGUARI;SACOLA 29X39 ;BAHAMAS;ATIVO 
52 - BAHAMAS MIX ARAGUARI;SACOLA 38X48 ;BAHAMAS;ATIVO 
53 - BAHAMAS MIX UBERABA SANTANA BORGES;BOBINA 30X40;BAHAMAS;ATIVO 
53 - BAHAMAS MIX UBERABA SANTANA BORGES;SACOLA 29X39 ;BAHAMAS;ATIVO 
53 - BAHAMAS MIX UBERABA SANTANA BORGES;SACOLA 38X48 ;BAHAMAS;ATIVO 
53 - BAHAMAS MIX UBERABA SANTANA BORGES;BOBINA 20X30;BAHAMAS;ATIVO 
53 - BAHAMAS MIX UBERABA SANTANA BORGES;BOBINA 25X35;BAHAMAS;ATIVO 
55 - BAHAMAS MIX ITUIUTABA;BOBINA 25X35;BAHAMAS;ATIVO 
55 - BAHAMAS MIX ITUIUTABA;BOBINA 30X40;BAHAMAS;ATIVO 
55 - BAHAMAS MIX ITUIUTABA;BOBINA 20X30;BAHAMAS;ATIVO 
55 - BAHAMAS MIX ITUIUTABA;SACOLA 38X48 ;BAHAMAS;ATIVO 
55 - BAHAMAS MIX ITUIUTABA;SACOLA 29X39 ;BAHAMAS;ATIVO 
58 - BAHAMAS MIX MONTE CARMELO;BOBINA 25X35;BAHAMAS;ATIVO 
58 - BAHAMAS MIX MONTE CARMELO;BOBINA 20X30;BAHAMAS;ATIVO 
58 - BAHAMAS MIX MONTE CARMELO;SACOLA 29X39 ;BAHAMAS;ATIVO 
58 - BAHAMAS MIX MONTE CARMELO;BOBINA 30X40;BAHAMAS;ATIVO 
58 - BAHAMAS MIX MONTE CARMELO;SACOLA 38X48 ;BAHAMAS;ATIVO 
59 - SUPERMERCADO BAHAMAS JF STA TEREZINHA;ECONOMICO 50L;BAHAMAS;ATIVO 
59 - SUPERMERCADO BAHAMAS JF STA TEREZINHA;ECONOMICO 100L ;BAHAMAS;ATIVO 
59 - SUPERMERCADO BAHAMAS JF STA TEREZINHA;BOBINA 20X30;BAHAMAS;ATIVO 
59 - SUPERMERCADO BAHAMAS JF STA TEREZINHA;ECONOMICO 30L;BAHAMAS;ATIVO 
61 - BAHAMAS MIX JF JK;ECONOMICO 50L;BAHAMAS;ATIVO 
61 - BAHAMAS MIX JF JK;ECONOMICO 30L;BAHAMAS;ATIVO 
61 - BAHAMAS MIX JF JK;ECONOMICO 100L ;BAHAMAS;ATIVO 
61 - BAHAMAS MIX JF JK;BOBINA 20X30;BAHAMAS;ATIVO 
61 - BAHAMAS MIX JF JK;SACOLA 38X48 ;BAHAMAS;ATIVO 
61 - BAHAMAS MIX JF JK;BOBINA 25X35;BAHAMAS;ATIVO 
61 - BAHAMAS MIX JF JK;BOBINA 30X40;BAHAMAS;ATIVO 
61 - BAHAMAS MIX JF JK;SACOLA 29X39 ;BAHAMAS;ATIVO 
62 - SUPERMERCADO BAHAMAS UBERLANDIA MARTINS;BOBINA 20X30;BAHAMAS;ATIVO 
64 - BAHAMAS MIX UBERLANDIA JOAO NAVES;BOBINA 30X40;BAHAMAS;ATIVO 
64 - BAHAMAS MIX UBERLANDIA JOAO NAVES;SACOLA 29X39 ;BAHAMAS;ATIVO 
64 - BAHAMAS MIX UBERLANDIA JOAO NAVES;BOBINA 25X35;BAHAMAS;ATIVO 
64 - BAHAMAS MIX UBERLANDIA JOAO NAVES;BOBINA 20X30;BAHAMAS;ATIVO 
64 - BAHAMAS MIX UBERLANDIA JOAO NAVES;SACOLA 38X48 ;BAHAMAS;ATIVO 
65 - BAHAMAS MIX ARAXA;BOBINA 20X30;BAHAMAS;ATIVO 
65 - BAHAMAS MIX ARAXA;BOBINA 25X35;BAHAMAS;ATIVO 
65 - BAHAMAS MIX ARAXA;BOBINA 30X40;BAHAMAS;ATIVO 
65 - BAHAMAS MIX ARAXA;SACOLA 38X48 ;BAHAMAS;ATIVO 
65 - BAHAMAS MIX ARAXA;SACOLA 29X39 ;BAHAMAS;ATIVO 
66 - BAHAMAS MIX PATOS DE MINAS;BOBINA 25X35;BAHAMAS;ATIVO 
66 - BAHAMAS MIX PATOS DE MINAS;BOBINA 20X30;BAHAMAS;ATIVO 
66 - BAHAMAS MIX PATOS DE MINAS;SACOLA 38X48 ;BAHAMAS;ATIVO 
66 - BAHAMAS MIX PATOS DE MINAS;SACOLA 29X39 ;BAHAMAS;ATIVO 
66 - BAHAMAS MIX PATOS DE MINAS;BOBINA 30X40;BAHAMAS;ATIVO 
68 - SUPERMERCADO BAHAMAS MURIAE;ECONOMICO 50L;BAHAMAS;ATIVO 
68 - SUPERMERCADO BAHAMAS MURIAE;ECONOMICO 100L ;BAHAMAS;ATIVO 
68 - SUPERMERCADO BAHAMAS MURIAE;ECONOMICO 30L;BAHAMAS;ATIVO 
68 - SUPERMERCADO BAHAMAS MURIAE;BOBINA 20X30;BAHAMAS;ATIVO 
7 - BAHAMAS MIX J.CLUBE.;ECONOMICO 50L;BAHAMAS;ATIVO 
7 - BAHAMAS MIX J.CLUBE.;ECONOMICO 100L ;BAHAMAS;ATIVO 
7 - BAHAMAS MIX J.CLUBE.;ECONOMICO 30L;BAHAMAS;ATIVO 
7 - BAHAMAS MIX J.CLUBE.;SACOLA 38X48 ;BAHAMAS;ATIVO 
7 - BAHAMAS MIX J.CLUBE.;BOBINA 30X40;BAHAMAS;ATIVO 
7 - BAHAMAS MIX J.CLUBE.;BOBINA 20X30;BAHAMAS;ATIVO 
7 - BAHAMAS MIX J.CLUBE.;BOBINA 25X35;BAHAMAS;ATIVO 
7 - BAHAMAS MIX J.CLUBE.;SACOLA 29X39 ;BAHAMAS;ATIVO 
72 - BAHAMAS MIX FRUTAL;BOBINA 30X40;BAHAMAS;ATIVO 
72 - BAHAMAS MIX FRUTAL;BOBINA 25X35;BAHAMAS;ATIVO 
72 - BAHAMAS MIX FRUTAL;BOBINA 20X30;BAHAMAS;ATIVO 
72 - BAHAMAS MIX FRUTAL;SACOLA 29X39 ;BAHAMAS;ATIVO 
72 - BAHAMAS MIX FRUTAL;SACOLA 38X48 ;BAHAMAS;ATIVO 
74 - BAHAMAS MIX UBERLANDIA ZONA SUL;BOBINA 30X40;BAHAMAS;ATIVO 
74 - BAHAMAS MIX UBERLANDIA ZONA SUL;BOBINA 25X35;BAHAMAS;ATIVO 
74 - BAHAMAS MIX UBERLANDIA ZONA SUL;SACOLA 38X48 ;BAHAMAS;ATIVO 
74 - BAHAMAS MIX UBERLANDIA ZONA SUL;BOBINA 20X30;BAHAMAS;ATIVO 
74 - BAHAMAS MIX UBERLANDIA ZONA SUL;SACOLA 29X39 ;BAHAMAS;ATIVO 
75 - BAHAMAS MIX VISCONDE DO RIO BRANCO;BOBINA 20X30;BAHAMAS;ATIVO 
75 - BAHAMAS MIX VISCONDE DO RIO BRANCO;BOBINA 25X35;BAHAMAS;ATIVO 
75 - BAHAMAS MIX VISCONDE DO RIO BRANCO;ECONOMICO 100L ;BAHAMAS;ATIVO 
75 - BAHAMAS MIX VISCONDE DO RIO BRANCO;ECONOMICO 30L;BAHAMAS;ATIVO 
75 - BAHAMAS MIX VISCONDE DO RIO BRANCO;ECONOMICO 50L;BAHAMAS;ATIVO 
75 - BAHAMAS MIX VISCONDE DO RIO BRANCO;BOBINA 30X40;BAHAMAS;ATIVO 
75 - BAHAMAS MIX VISCONDE DO RIO BRANCO;SACOLA 29X39 ;BAHAMAS;ATIVO 
75 - BAHAMAS MIX VISCONDE DO RIO BRANCO;SACOLA 38X48 ;BAHAMAS;ATIVO 
79 - BAHAMAS MIX RIO POMBA;ECONOMICO 30L;BAHAMAS;ATIVO 
79 - BAHAMAS MIX RIO POMBA;BOBINA 25X35;BAHAMAS;ATIVO 
79 - BAHAMAS MIX RIO POMBA;ECONOMICO 50L;BAHAMAS;ATIVO 
79 - BAHAMAS MIX RIO POMBA;ECONOMICO 100L ;BAHAMAS;ATIVO 
79 - BAHAMAS MIX RIO POMBA;BOBINA 20X30;BAHAMAS;ATIVO 
79 - BAHAMAS MIX RIO POMBA;SACOLA 29X39 ;BAHAMAS;ATIVO 
79 - BAHAMAS MIX RIO POMBA;SACOLA 38X48 ;BAHAMAS;ATIVO 
79 - BAHAMAS MIX RIO POMBA;BOBINA 30X40;BAHAMAS;ATIVO 
8 - HIPER BAHAMAS SAO VICENTE;ECONOMICO 50L;BAHAMAS;ATIVO 
8 - HIPER BAHAMAS SAO VICENTE;BOBINA 20X30;BAHAMAS;ATIVO 
8 - HIPER BAHAMAS SAO VICENTE;ECONOMICO 100L ;BAHAMAS;ATIVO 
8 - HIPER BAHAMAS SAO VICENTE;ECONOMICO 30L;BAHAMAS;ATIVO 
80 - BAHAMAS MIX ITURAMA;BOBINA 30X40;BAHAMAS;ATIVO 
80 - BAHAMAS MIX ITURAMA;BOBINA 20X30;BAHAMAS;ATIVO 
80 - BAHAMAS MIX ITURAMA;SACOLA 29X39 ;BAHAMAS;ATIVO 
80 - BAHAMAS MIX ITURAMA;BOBINA 25X35;BAHAMAS;ATIVO 
80 - BAHAMAS MIX ITURAMA;SACOLA 38X48 ;BAHAMAS;ATIVO 
82 - BAHAMAS MIX ARAXA SANTO ANTONIO;BOBINA 30X40;BAHAMAS;ATIVO 
82 - BAHAMAS MIX ARAXA SANTO ANTONIO;BOBINA 20X30;BAHAMAS;ATIVO 
82 - BAHAMAS MIX ARAXA SANTO ANTONIO;BOBINA 25X35;BAHAMAS;ATIVO 
82 - BAHAMAS MIX ARAXA SANTO ANTONIO;SACOLA 38X48 ;BAHAMAS;ATIVO 
82 - BAHAMAS MIX ARAXA SANTO ANTONIO;SACOLA 29X39 ;BAHAMAS;ATIVO 
85 - BAHAMAS MIX EDILSON LAMARTINE;BOBINA 25X35;BAHAMAS;ATIVO 
85 - BAHAMAS MIX EDILSON LAMARTINE;BOBINA 20X30;BAHAMAS;ATIVO 
85 - BAHAMAS MIX EDILSON LAMARTINE;BOBINA 30X40;BAHAMAS;ATIVO 
85 - BAHAMAS MIX EDILSON LAMARTINE;SACOLA 29X39 ;BAHAMAS;ATIVO 
85 - BAHAMAS MIX EDILSON LAMARTINE;SACOLA 38X48 ;BAHAMAS;ATIVO 
86 - BAHAMAS MIX JF RETIRO;BOBINA 25X35;BAHAMAS;ATIVO 
86 - BAHAMAS MIX JF RETIRO;BOBINA 20X30;BAHAMAS;ATIVO 
86 - BAHAMAS MIX JF RETIRO;ECONOMICO 50L;BAHAMAS;ATIVO 
86 - BAHAMAS MIX JF RETIRO;ECONOMICO 100L ;BAHAMAS;ATIVO 
86 - BAHAMAS MIX JF RETIRO;ECONOMICO 30L;BAHAMAS;ATIVO 
86 - BAHAMAS MIX JF RETIRO;SACOLA 38X48 ;BAHAMAS;ATIVO 
86 - BAHAMAS MIX JF RETIRO;BOBINA 30X40;BAHAMAS;ATIVO 
86 - BAHAMAS MIX JF RETIRO;SACOLA 29X39 ;BAHAMAS;ATIVO 
87 - BAHAMAS MIX PONTE NOVA;ECONOMICO 50L;BAHAMAS;ATIVO 
87 - BAHAMAS MIX PONTE NOVA;ECONOMICO 30L;BAHAMAS;ATIVO 
87 - BAHAMAS MIX PONTE NOVA;BOBINA 25X35;BAHAMAS;ATIVO 
87 - BAHAMAS MIX PONTE NOVA;BOBINA 20X30;BAHAMAS;ATIVO 
87 - BAHAMAS MIX PONTE NOVA;ECONOMICO 100L ;BAHAMAS;ATIVO 
87 - BAHAMAS MIX PONTE NOVA;BOBINA 30X40;BAHAMAS;ATIVO 
87 - BAHAMAS MIX PONTE NOVA;SACOLA 38X48 ;BAHAMAS;ATIVO 
87 - BAHAMAS MIX PONTE NOVA;SACOLA 29X39 ;BAHAMAS;ATIVO 
9 - HIPER BAHAMAS MANOEL HONORIO;ECONOMICO 50L;BAHAMAS;ATIVO 
9 - HIPER BAHAMAS MANOEL HONORIO;ECONOMICO 100L ;BAHAMAS;ATIVO 
9 - HIPER BAHAMAS MANOEL HONORIO;ECONOMICO 30L;BAHAMAS;ATIVO 
9 - HIPER BAHAMAS MANOEL HONORIO;BOBINA 20X30;BAHAMAS;ATIVO 
9 - HIPER BAHAMAS MANOEL HONORIO;SACOLA 29X39 ;BAHAMAS;ATIVO 
90 - BAHAMAS MIX SAO JOAO NEPOMUCENO;ECONOMICO 100L ;BAHAMAS;ATIVO 
90 - BAHAMAS MIX SAO JOAO NEPOMUCENO;ECONOMICO 30L;BAHAMAS;ATIVO 
90 - BAHAMAS MIX SAO JOAO NEPOMUCENO;BOBINA 25X35;BAHAMAS;ATIVO 
90 - BAHAMAS MIX SAO JOAO NEPOMUCENO;BOBINA 30X40;BAHAMAS;ATIVO 
90 - BAHAMAS MIX SAO JOAO NEPOMUCENO;BOBINA 20X30;BAHAMAS;ATIVO 
90 - BAHAMAS MIX SAO JOAO NEPOMUCENO;ECONOMICO 50L;BAHAMAS;ATIVO 
90 - BAHAMAS MIX SAO JOAO NEPOMUCENO;SACOLA 38X48 ;BAHAMAS;ATIVO 
90 - BAHAMAS MIX SAO JOAO NEPOMUCENO;SACOLA 29X39 ;BAHAMAS;ATIVO 
91 - BAHAMAS MIX - ITUIUTABA II;BOBINA 30X40;BAHAMAS;ATIVO 
91 - BAHAMAS MIX - ITUIUTABA II;BOBINA 20X30;BAHAMAS;ATIVO 
91 - BAHAMAS MIX - ITUIUTABA II;BOBINA 25X35;BAHAMAS;ATIVO 
91 - BAHAMAS MIX - ITUIUTABA II;SACOLA 29X39 ;BAHAMAS;ATIVO 
91 - BAHAMAS MIX - ITUIUTABA II;SACOLA 38X48 ;BAHAMAS;ATIVO 
92 - SUPERMERCADO BAHAMAS JF LINHARES;ECONOMICO 100L ;BAHAMAS;ATIVO 
92 - SUPERMERCADO BAHAMAS JF LINHARES;ECONOMICO 50L;BAHAMAS;ATIVO 
92 - SUPERMERCADO BAHAMAS JF LINHARES;ECONOMICO 30L;BAHAMAS;ATIVO 
92 - SUPERMERCADO BAHAMAS JF LINHARES;BOBINA 20X30;BAHAMAS;ATIVO 
95 - BAHAMAS MIX UBE SEGISMUNDO;BOBINA 30X40;BAHAMAS;ATIVO 
95 - BAHAMAS MIX UBE SEGISMUNDO;BOBINA 20X30;BAHAMAS;ATIVO 
95 - BAHAMAS MIX UBE SEGISMUNDO;BOBINA 25X35;BAHAMAS;ATIVO 
95 - BAHAMAS MIX UBE SEGISMUNDO;SACOLA 29X39 ;BAHAMAS;ATIVO 
95 - BAHAMAS MIX UBE SEGISMUNDO;SACOLA 38X48 ;BAHAMAS;ATIVO 
239 ATACADAO - PARELHEIROS;BOBINA 20X30;ATACADAO SP;ATIVO 
239 ATACADAO - PARELHEIROS;BOBINA 25X35;ATACADAO SP;ATIVO 
239 ATACADAO - PARELHEIROS;BOBINA 30X40;ATACADAO SP;ATIVO 
248 ATACADAO - SANTO AMARO;BOBINA 20X30;ATACADAO SP;ATIVO 
248 ATACADAO - SANTO AMARO;BOBINA 25X35;ATACADAO SP;ATIVO 
248 ATACADAO - SANTO AMARO;BOBINA 30X40;ATACADAO SP;ATIVO 
263 ATACADAO - HORTOLANDIA;BOBINA 20X30;ATACADAO SP;ATIVO 
263 ATACADAO - HORTOLANDIA;BOBINA 25X35;ATACADAO SP;ATIVO 
263 ATACADAO - HORTOLANDIA;BOBINA 30X40;ATACADAO SP;ATIVO 
267 ATACADAO - COTIA CENTRO;BOBINA 20X30;ATACADAO SP;ATIVO 
267 ATACADAO - COTIA CENTRO;BOBINA 25X35;ATACADAO SP;ATIVO 
267 ATACADAO - COTIA CENTRO;BOBINA 30X40;ATACADAO SP;ATIVO 
269 ATACADAO - JANDIRA;BOBINA 20X30;ATACADAO SP;ATIVO 
269 ATACADAO - JANDIRA;BOBINA 25X35;ATACADAO SP;ATIVO 
269 ATACADAO - JANDIRA;BOBINA 30X40;ATACADAO SP;ATIVO 
270 ATACADAO - LIMEIRA;BOBINA 20X30;ATACADAO SP;ATIVO 
270 ATACADAO - LIMEIRA;BOBINA 25X35;ATACADAO SP;ATIVO 
270 ATACADAO - LIMEIRA;BOBINA 30X40;ATACADAO SP;ATIVO 
271 ATACADAO - LIMEIRA CENTRO;BOBINA 20X30;ATACADAO SP;ATIVO 
271 ATACADAO - LIMEIRA CENTRO;BOBINA 25X35;ATACADAO SP;ATIVO 
271 ATACADAO - LIMEIRA CENTRO;BOBINA 30X40;ATACADAO SP;ATIVO 
272 ATACADAO - OSASCO YOLANDA;BOBINA 20X30;ATACADAO SP;ATIVO 
272 ATACADAO - OSASCO YOLANDA;BOBINA 25X35;ATACADAO SP;ATIVO 
272 ATACADAO - OSASCO YOLANDA;BOBINA 30X40;ATACADAO SP;ATIVO 
286 ATACADAO - PACAEMBU;BOBINA 20X30;ATACADAO SP;ATIVO 
286 ATACADAO - PACAEMBU;BOBINA 25X35;ATACADAO SP;ATIVO 
286 ATACADAO - PACAEMBU;BOBINA 30X40;ATACADAO SP;ATIVO 
293 ATACADAO - BARUERI;BOBINA 20X30;ATACADAO SP;ATIVO 
293 ATACADAO - BARUERI;BOBINA 25X35;ATACADAO SP;ATIVO 
293 ATACADAO - BARUERI;BOBINA 30X40;ATACADAO SP;ATIVO 
295 ATACADAO - CARAPICUIBA GOPIUVA;BOBINA 20X30;ATACADAO SP;ATIVO 
295 ATACADAO - CARAPICUIBA GOPIUVA;BOBINA 25X35;ATACADAO SP;ATIVO 
295 ATACADAO - CARAPICUIBA GOPIUVA;BOBINA 30X40;ATACADAO SP;ATIVO 
296 ATACADAO - CARAPICUIBA KM21;BOBINA 20X30;ATACADAO SP;ATIVO 
296 ATACADAO - CARAPICUIBA KM21;BOBINA 25X35;ATACADAO SP;ATIVO 
296 ATACADAO - CARAPICUIBA KM21;BOBINA 30X40;ATACADAO SP;ATIVO 
306 ATACADAO - ITAPEVI;BOBINA 20X30;ATACADAO SP;ATIVO 
306 ATACADAO - ITAPEVI;BOBINA 25X35;ATACADAO SP;ATIVO 
306 ATACADAO - ITAPEVI;BOBINA 30X40;ATACADAO SP;ATIVO 
323 ATACADAO - TAMBORE;BOBINA 20X30;ATACADAO SP;ATIVO 
323 ATACADAO - TAMBORE;BOBINA 25X35;ATACADAO SP;ATIVO 
323 ATACADAO - TAMBORE;BOBINA 30X40;ATACADAO SP;ATIVO 
326 ATACADAO - SUMARE;BOBINA 20X30;ATACADAO SP;ATIVO 
326 ATACADAO - SUMARE;BOBINA 25X35;ATACADAO SP;ATIVO 
326 ATACADAO - SUMARE;BOBINA 30X40;ATACADAO SP;ATIVO 
337 ATACADAO - JUNDIAI;BOBINA 20X30;ATACADAO SP;ATIVO 
337 ATACADAO - JUNDIAI;BOBINA 25X35;ATACADAO SP;ATIVO 
337 ATACADAO - JUNDIAI;BOBINA 30X40;ATACADAO SP;ATIVO 
364 ATACADAO - AMERICANA;BOBINA 20X30;ATACADAO SP;ATIVO 
364 ATACADAO - AMERICANA;BOBINA 25X35;ATACADAO SP;ATIVO 
364 ATACADAO - AMERICANA;BOBINA 30X40;ATACADAO SP;ATIVO 
389 ATACADAO - ITU;BOBINA 20X30;ATACADAO SP;ATIVO 
389 ATACADAO - ITU;BOBINA 25X35;ATACADAO SP;ATIVO 
389 ATACADAO - ITU;BOBINA 30X40;ATACADAO SP;ATIVO 
425 ATACADAO - VARZEA PAULISTA;BOBINA 20X30;ATACADAO SP;ATIVO 
425 ATACADAO - VARZEA PAULISTA;BOBINA 25X35;ATACADAO SP;ATIVO 
425 ATACADAO - VARZEA PAULISTA;BOBINA 30X40;ATACADAO SP;ATIVO 
264 ATACADAO - CAMPINAS;BOBINA 20X30;ATACADAO SP;ATIVO 
264 ATACADAO - CAMPINAS;BOBINA 25X35;ATACADAO SP;ATIVO 
264 ATACADAO - CAMPINAS;BOBINA 30X40;ATACADAO SP;ATIVO 
265 ATACADAO - CAMPINAS DOM PEDRO;BOBINA 20X30;ATACADAO SP;ATIVO 
265 ATACADAO - CAMPINAS DOM PEDRO;BOBINA 25X35;ATACADAO SP;ATIVO 
265 ATACADAO - CAMPINAS DOM PEDRO;BOBINA 30X40;ATACADAO SP;ATIVO 
266 ATACADAO - CAMPINAS DUNLOP;BOBINA 20X30;ATACADAO SP;ATIVO 
266 ATACADAO - CAMPINAS DUNLOP;BOBINA 25X35;ATACADAO SP;ATIVO 
266 ATACADAO - CAMPINAS DUNLOP;BOBINA 30X40;ATACADAO SP;ATIVO 
292 ATACADAO - ANCHIETA;BOBINA 20X30;ATACADAO SP;ATIVO 
292 ATACADAO - ANCHIETA;BOBINA 25X35;ATACADAO SP;ATIVO 
292 ATACADAO - ANCHIETA;BOBINA 30X40;ATACADAO SP;ATIVO 
297 ATACADAO - COTIA RAPOSO KM21;BOBINA 20X30;ATACADAO SP;ATIVO 
297 ATACADAO - COTIA RAPOSO KM21;BOBINA 25X35;ATACADAO SP;ATIVO 
297 ATACADAO - COTIA RAPOSO KM21;BOBINA 30X40;ATACADAO SP;ATIVO 
298 ATACADAO - DIADEMA CANHEMA;BOBINA 20X30;ATACADAO SP;ATIVO 
298 ATACADAO - DIADEMA CANHEMA;BOBINA 25X35;ATACADAO SP;ATIVO 
298 ATACADAO - DIADEMA CANHEMA;BOBINA 30X40;ATACADAO SP;ATIVO 
299 ATACADAO - DIADEMA SERRARIA;BOBINA 20X30;ATACADAO SP;ATIVO 
299 ATACADAO - DIADEMA SERRARIA;BOBINA 25X35;ATACADAO SP;ATIVO 
299 ATACADAO - DIADEMA SERRARIA;BOBINA 30X40;ATACADAO SP;ATIVO 
302 ATACADAO - INAJAR DE SOUZA;BOBINA 20X30;ATACADAO SP;ATIVO 
302 ATACADAO - INAJAR DE SOUZA;BOBINA 25X35;ATACADAO SP;ATIVO 
302 ATACADAO - INAJAR DE SOUZA;BOBINA 30X40;ATACADAO SP;ATIVO 
303 ATACADAO - INDIANOPOLIS;BOBINA 20X30;ATACADAO SP;ATIVO 
303 ATACADAO - INDIANOPOLIS;BOBINA 25X35;ATACADAO SP;ATIVO 
303 ATACADAO - INDIANOPOLIS;BOBINA 30X40;ATACADAO SP;ATIVO 
304 ATACADAO - INTERLAGOS;BOBINA 20X30;ATACADAO SP;ATIVO 
304 ATACADAO - INTERLAGOS;BOBINA 25X35;ATACADAO SP;ATIVO 
304 ATACADAO - INTERLAGOS;BOBINA 30X40;ATACADAO SP;ATIVO 
305 ATACADAO - ITAPECERICA DA SERRA;BOBINA 20X30;ATACADAO SP;ATIVO 
305 ATACADAO - ITAPECERICA DA SERRA;BOBINA 25X35;ATACADAO SP;ATIVO 
305 ATACADAO - ITAPECERICA DA SERRA;BOBINA 30X40;ATACADAO SP;ATIVO 
309 ATACADAO - OSASCO BONANCA;BOBINA 20X30;ATACADAO SP;ATIVO 
309 ATACADAO - OSASCO BONANCA;BOBINA 25X35;ATACADAO SP;ATIVO 
309 ATACADAO - OSASCO BONANCA;BOBINA 30X40;ATACADAO SP;ATIVO 
310 ATACADAO - OSASCO CENTRO;BOBINA 20X30;ATACADAO SP;ATIVO 
310 ATACADAO - OSASCO CENTRO;BOBINA 25X35;ATACADAO SP;ATIVO 
310 ATACADAO - OSASCO CENTRO;BOBINA 30X40;ATACADAO SP;ATIVO 
312 ATACADAO - PIRITUBA;BOBINA 20X30;ATACADAO SP;ATIVO 
312 ATACADAO - PIRITUBA;BOBINA 25X35;ATACADAO SP;ATIVO 
312 ATACADAO - PIRITUBA;BOBINA 30X40;ATACADAO SP;ATIVO 
320 ATACADAO - TABOAO DA SERRA CENTRO;BOBINA 20X30;ATACADAO SP;ATIVO 
320 ATACADAO - TABOAO DA SERRA CENTRO;BOBINA 25X35;ATACADAO SP;ATIVO 
320 ATACADAO - TABOAO DA SERRA CENTRO;BOBINA 30X40;ATACADAO SP;ATIVO 
321 ATACADAO - TABOAO DA SERRA RUA DO TESOURO;BOBINA 20X30;ATACADAO SP;ATIVO 
321 ATACADAO - TABOAO DA SERRA RUA DO TESOURO;BOBINA 25X35;ATACADAO SP;ATIVO 
321 ATACADAO - TABOAO DA SERRA RUA DO TESOURO;BOBINA 30X40;ATACADAO SP;ATIVO 
322 ATACADAO - TAIPAS;BOBINA 20X30;ATACADAO SP;ATIVO 
322 ATACADAO - TAIPAS;BOBINA 25X35;ATACADAO SP;ATIVO 
322 ATACADAO - TAIPAS;BOBINA 30X40;ATACADAO SP;ATIVO 
325 ATACADAO - VILA LOBOS;BOBINA 20X30;ATACADAO SP;ATIVO 
325 ATACADAO - VILA LOBOS;BOBINA 25X35;ATACADAO SP;ATIVO 
325 ATACADAO - VILA LOBOS;BOBINA 30X40;ATACADAO SP;ATIVO 
240 ATACADAO - FERRAZ DE VASCONCELOS;BOBINA 20X30;ATACADAO SP;ATIVO 
240 ATACADAO - FERRAZ DE VASCONCELOS;BOBINA 25X35;ATACADAO SP;ATIVO 
240 ATACADAO - FERRAZ DE VASCONCELOS;BOBINA 30X40;ATACADAO SP;ATIVO 
241 ATACADAO - SAO MIGUEL;BOBINA 20X30;ATACADAO SP;ATIVO 
241 ATACADAO - SAO MIGUEL;BOBINA 25X35;ATACADAO SP;ATIVO 
241 ATACADAO - SAO MIGUEL;BOBINA 30X40;ATACADAO SP;ATIVO 
242 ATACADAO - SUZANO;BOBINA 20X30;ATACADAO SP;ATIVO 
242 ATACADAO - SUZANO;BOBINA 25X35;ATACADAO SP;ATIVO 
242 ATACADAO - SUZANO;BOBINA 30X40;ATACADAO SP;ATIVO 
243 ATACADAO - MAUA;BOBINA 20X30;ATACADAO SP;ATIVO 
243 ATACADAO - MAUA;BOBINA 25X35;ATACADAO SP;ATIVO 
243 ATACADAO - MAUA;BOBINA 30X40;ATACADAO SP;ATIVO 
244 ATACADAO - MAUA JOAO RAMALHO;BOBINA 20X30;ATACADAO SP;ATIVO 
244 ATACADAO - MAUA JOAO RAMALHO;BOBINA 25X35;ATACADAO SP;ATIVO 
244 ATACADAO - MAUA JOAO RAMALHO;BOBINA 30X40;ATACADAO SP;ATIVO 
245 ATACADAO - RIBEIRAO PIRES;BOBINA 20X30;ATACADAO SP;ATIVO 
245 ATACADAO - RIBEIRAO PIRES;BOBINA 25X35;ATACADAO SP;ATIVO 
245 ATACADAO - RIBEIRAO PIRES;BOBINA 30X40;ATACADAO SP;ATIVO 
246 ATACADAO - GUARULHOS AEROPORTO;BOBINA 20X30;ATACADAO SP;ATIVO 
246 ATACADAO - GUARULHOS AEROPORTO;BOBINA 25X35;ATACADAO SP;ATIVO 
246 ATACADAO - GUARULHOS AEROPORTO;BOBINA 30X40;ATACADAO SP;ATIVO 
247 ATACADAO - VILA MARIA;BOBINA 20X30;ATACADAO SP;ATIVO 
247 ATACADAO - VILA MARIA;BOBINA 25X35;ATACADAO SP;ATIVO 
247 ATACADAO - VILA MARIA;BOBINA 30X40;ATACADAO SP;ATIVO 
249 ATACADAO - ITAQUERA;BOBINA 20X30;ATACADAO SP;ATIVO 
249 ATACADAO - ITAQUERA;BOBINA 25X35;ATACADAO SP;ATIVO 
249 ATACADAO - ITAQUERA;BOBINA 30X40;ATACADAO SP;ATIVO 
250 ATACADAO - PRAIA GRANDE;BOBINA 20X30;ATACADAO SP;ATIVO 
250 ATACADAO - PRAIA GRANDE;BOBINA 25X35;ATACADAO SP;ATIVO 
250 ATACADAO - PRAIA GRANDE;BOBINA 30X40;ATACADAO SP;ATIVO 
251 ATACADAO - SANTOS;BOBINA 20X30;ATACADAO SP;ATIVO 
251 ATACADAO - SANTOS;BOBINA 25X35;ATACADAO SP;ATIVO 
251 ATACADAO - SANTOS;BOBINA 30X40;ATACADAO SP;ATIVO 
252 ATACADAO - GUARUJA;BOBINA 20X30;ATACADAO SP;ATIVO 
252 ATACADAO - GUARUJA;BOBINA 25X35;ATACADAO SP;ATIVO 
252 ATACADAO - GUARUJA;BOBINA 30X40;ATACADAO SP;ATIVO 
253 ATACADAO - ARICANDUVA;BOBINA 20X30;ATACADAO SP;ATIVO 
253 ATACADAO - ARICANDUVA;BOBINA 25X35;ATACADAO SP;ATIVO 
253 ATACADAO - ARICANDUVA;BOBINA 30X40;ATACADAO SP;ATIVO 
254 ATACADAO - IPIRANGA;BOBINA 20X30;ATACADAO SP;ATIVO 
254 ATACADAO - IPIRANGA;BOBINA 25X35;ATACADAO SP;ATIVO 
254 ATACADAO - IPIRANGA;BOBINA 30X40;ATACADAO SP;ATIVO 
255 ATACADAO - VILA JACUI;BOBINA 20X30;ATACADAO SP;ATIVO 
255 ATACADAO - VILA JACUI;BOBINA 25X35;ATACADAO SP;ATIVO 
255 ATACADAO - VILA JACUI;BOBINA 30X40;ATACADAO SP;ATIVO 
256 ATACADAO - AQUARIOS DULTRA SAO JOSE DOS CAMPOS;BOBINA 20X30;ATACADAO SP;ATIVO 
256 ATACADAO - AQUARIOS DULTRA SAO JOSE DOS CAMPOS;BOBINA 25X35;ATACADAO SP;ATIVO 
256 ATACADAO - AQUARIOS DULTRA SAO JOSE DOS CAMPOS;BOBINA 30X40;ATACADAO SP;ATIVO 
257 ATACADAO - ATIBAIA;BOBINA 20X30;ATACADAO SP;ATIVO 
257 ATACADAO - ATIBAIA;BOBINA 25X35;ATACADAO SP;ATIVO 
257 ATACADAO - ATIBAIA;BOBINA 30X40;ATACADAO SP;ATIVO 
261 ATACADAO - SAO JOSE CAMPOS JK;BOBINA 20X30;ATACADAO SP;ATIVO 
261 ATACADAO - SAO JOSE CAMPOS JK;BOBINA 25X35;ATACADAO SP;ATIVO 
261 ATACADAO - SAO JOSE CAMPOS JK;BOBINA 30X40;ATACADAO SP;ATIVO 
262 ATACADAO - TAUBATE;BOBINA 20X30;ATACADAO SP;ATIVO 
262 ATACADAO - TAUBATE;BOBINA 25X35;ATACADAO SP;ATIVO 
262 ATACADAO - TAUBATE;BOBINA 30X40;ATACADAO SP;ATIVO 
274 ATACADAO - SANTA BARBARA;BOBINA 20X30;ATACADAO SP;ATIVO 
274 ATACADAO - SANTA BARBARA;BOBINA 25X35;ATACADAO SP;ATIVO 
274 ATACADAO - SANTA BARBARA;BOBINA 30X40;ATACADAO SP;ATIVO 
282 ATACADAO - DIADEMA;BOBINA 20X30;ATACADAO SP;ATIVO 
282 ATACADAO - DIADEMA;BOBINA 25X35;ATACADAO SP;ATIVO 
282 ATACADAO - DIADEMA;BOBINA 30X40;ATACADAO SP;ATIVO 
283 ATACADAO - GUARULHOS;BOBINA 20X30;ATACADAO SP;ATIVO 
283 ATACADAO - GUARULHOS;BOBINA 25X35;ATACADAO SP;ATIVO 
283 ATACADAO - GUARULHOS;BOBINA 30X40;ATACADAO SP;ATIVO 
285 ATACADAO - ITANHAEM;BOBINA 20X30;ATACADAO SP;ATIVO 
285 ATACADAO - ITANHAEM;BOBINA 25X35;ATACADAO SP;ATIVO 
285 ATACADAO - ITANHAEM;BOBINA 30X40;ATACADAO SP;ATIVO 
287 ATACADAO - POA;BOBINA 20X30;ATACADAO SP;ATIVO 
287 ATACADAO - POA;BOBINA 25X35;ATACADAO SP;ATIVO 
287 ATACADAO - POA;BOBINA 30X40;ATACADAO SP;ATIVO 
288 ATACADAO - SANTO ANDRE 1;BOBINA 20X30;ATACADAO SP;ATIVO 
288 ATACADAO - SANTO ANDRE 1;BOBINA 25X35;ATACADAO SP;ATIVO 
288 ATACADAO - SANTO ANDRE 1;BOBINA 30X40;ATACADAO SP;ATIVO 
289 ATACADAO - SANTO ANDRE 2;BOBINA 20X30;ATACADAO SP;ATIVO 
289 ATACADAO - SANTO ANDRE 2;BOBINA 25X35;ATACADAO SP;ATIVO 
289 ATACADAO - SANTO ANDRE 2;BOBINA 30X40;ATACADAO SP;ATIVO 
290 ATACADAO - TATUAPE;BOBINA 20X30;ATACADAO SP;ATIVO 
290 ATACADAO - TATUAPE;BOBINA 25X35;ATACADAO SP;ATIVO 
290 ATACADAO - TATUAPE;BOBINA 30X40;ATACADAO SP;ATIVO 
294 ATACADAO - CAMBUCI;BOBINA 20X30;ATACADAO SP;ATIVO 
294 ATACADAO - CAMBUCI;BOBINA 25X35;ATACADAO SP;ATIVO 
294 ATACADAO - CAMBUCI;BOBINA 30X40;ATACADAO SP;ATIVO 
300 ATACADAO - GUARULHOS BONSUCESSO;BOBINA 20X30;ATACADAO SP;ATIVO 
300 ATACADAO - GUARULHOS BONSUCESSO;BOBINA 25X35;ATACADAO SP;ATIVO 
300 ATACADAO - GUARULHOS BONSUCESSO;BOBINA 30X40;ATACADAO SP;ATIVO 
301 ATACADAO - GUARULHOS CENTRO;BOBINA 20X30;ATACADAO SP;ATIVO 
301 ATACADAO - GUARULHOS CENTRO;BOBINA 25X35;ATACADAO SP;ATIVO 
301 ATACADAO - GUARULHOS CENTRO;BOBINA 30X40;ATACADAO SP;ATIVO 
307 ATACADAO - ITAQUAQUECETUBA;BOBINA 20X30;ATACADAO SP;ATIVO 
307 ATACADAO - ITAQUAQUECETUBA;BOBINA 25X35;ATACADAO SP;ATIVO 
307 ATACADAO - ITAQUAQUECETUBA;BOBINA 30X40;ATACADAO SP;ATIVO 
308 ATACADAO - MOGI DAS CRUZES;BOBINA 20X30;ATACADAO SP;ATIVO 
308 ATACADAO - MOGI DAS CRUZES;BOBINA 25X35;ATACADAO SP;ATIVO 
308 ATACADAO - MOGI DAS CRUZES;BOBINA 30X40;ATACADAO SP;ATIVO 
311 ATACADAO - PENHA;BOBINA 20X30;ATACADAO SP;ATIVO 
311 ATACADAO - PENHA;BOBINA 25X35;ATACADAO SP;ATIVO 
311 ATACADAO - PENHA;BOBINA 30X40;ATACADAO SP;ATIVO 
313 ATACADAO - SANTO ANDRE CENTRO;BOBINA 20X30;ATACADAO SP;ATIVO 
313 ATACADAO - SANTO ANDRE CENTRO;BOBINA 25X35;ATACADAO SP;ATIVO 
313 ATACADAO - SANTO ANDRE CENTRO;BOBINA 30X40;ATACADAO SP;ATIVO 
314 ATACADAO - SAO BERNARDO CENTRO;BOBINA 20X30;ATACADAO SP;ATIVO 
314 ATACADAO - SAO BERNARDO CENTRO;BOBINA 25X35;ATACADAO SP;ATIVO 
314 ATACADAO - SAO BERNARDO CENTRO;BOBINA 30X40;ATACADAO SP;ATIVO 
315 ATACADAO - SAO BERNARDO DEMARCHI;BOBINA 20X30;ATACADAO SP;ATIVO 
315 ATACADAO - SAO BERNARDO DEMARCHI;BOBINA 25X35;ATACADAO SP;ATIVO 
315 ATACADAO - SAO BERNARDO DEMARCHI;BOBINA 30X40;ATACADAO SP;ATIVO 
316 ATACADAO - SAO BERNARDO PIRAPORINHA;BOBINA 20X30;ATACADAO SP;ATIVO 
316 ATACADAO - SAO BERNARDO PIRAPORINHA;BOBINA 25X35;ATACADAO SP;ATIVO 
316 ATACADAO - SAO BERNARDO PIRAPORINHA;BOBINA 30X40;ATACADAO SP;ATIVO 
317 ATACADAO - SAO CAETANO DO SUL;BOBINA 20X30;ATACADAO SP;ATIVO 
317 ATACADAO - SAO CAETANO DO SUL;BOBINA 25X35;ATACADAO SP;ATIVO 
317 ATACADAO - SAO CAETANO DO SUL;BOBINA 30X40;ATACADAO SP;ATIVO 
318 ATACADAO - SAO VICENTE;BOBINA 20X30;ATACADAO SP;ATIVO 
318 ATACADAO - SAO VICENTE;BOBINA 25X35;ATACADAO SP;ATIVO 
318 ATACADAO - SAO VICENTE;BOBINA 30X40;ATACADAO SP;ATIVO 
324 ATACADAO - VILA GUILHERME;BOBINA 20X30;ATACADAO SP;ATIVO 
324 ATACADAO - VILA GUILHERME;BOBINA 25X35;ATACADAO SP;ATIVO 
324 ATACADAO - VILA GUILHERME;BOBINA 30X40;ATACADAO SP;ATIVO 
327 ATACADAO - SAO JOSE DOS CAMPOS SHOPPING;BOBINA 20X30;ATACADAO SP;ATIVO 
327 ATACADAO - SAO JOSE DOS CAMPOS SHOPPING;BOBINA 25X35;ATACADAO SP;ATIVO 
327 ATACADAO - SAO JOSE DOS CAMPOS SHOPPING;BOBINA 30X40;ATACADAO SP;ATIVO 
365 ATACADAO - ARACATUBA;BOBINA 20X30;ATACADAO SP;ATIVO 
365 ATACADAO - ARACATUBA;BOBINA 25X35;ATACADAO SP;ATIVO 
365 ATACADAO - ARACATUBA;BOBINA 30X40;ATACADAO SP;ATIVO 
366 ATACADAO - ARARAS;BOBINA 20X30;ATACADAO SP;ATIVO 
366 ATACADAO - ARARAS;BOBINA 25X35;ATACADAO SP;ATIVO 
366 ATACADAO - ARARAS;BOBINA 30X40;ATACADAO SP;ATIVO 
367 ATACADAO - ASSIS;BOBINA 20X30;ATACADAO SP;ATIVO 
367 ATACADAO - ASSIS;BOBINA 25X35;ATACADAO SP;ATIVO 
367 ATACADAO - ASSIS;BOBINA 30X40;ATACADAO SP;ATIVO 
370 ATACADAO - BARRETOS;BOBINA 20X30;ATACADAO SP;ATIVO 
370 ATACADAO - BARRETOS;BOBINA 25X35;ATACADAO SP;ATIVO 
370 ATACADAO - BARRETOS;BOBINA 30X40;ATACADAO SP;ATIVO 
371 ATACADAO - BAURU;BOBINA 20X30;ATACADAO SP;ATIVO 
371 ATACADAO - BAURU;BOBINA 25X35;ATACADAO SP;ATIVO 
371 ATACADAO - BAURU;BOBINA 30X40;ATACADAO SP;ATIVO 
376 ATACADAO - CATANDUVA;BOBINA 20X30;ATACADAO SP;ATIVO 
376 ATACADAO - CATANDUVA;BOBINA 25X35;ATACADAO SP;ATIVO 
376 ATACADAO - CATANDUVA;BOBINA 30X40;ATACADAO SP;ATIVO 
386 ATACADAO - FRANCA;BOBINA 20X30;ATACADAO SP;ATIVO 
386 ATACADAO - FRANCA;BOBINA 25X35;ATACADAO SP;ATIVO 
386 ATACADAO - FRANCA;BOBINA 30X40;ATACADAO SP;ATIVO 
391 ATACADAO - JACAREI;BOBINA 20X30;ATACADAO SP;ATIVO 
391 ATACADAO - JACAREI;BOBINA 25X35;ATACADAO SP;ATIVO 
391 ATACADAO - JACAREI;BOBINA 30X40;ATACADAO SP;ATIVO 
398 ATACADAO - MARILIA;BOBINA 20X30;ATACADAO SP;ATIVO 
398 ATACADAO - MARILIA;BOBINA 25X35;ATACADAO SP;ATIVO 
398 ATACADAO - MARILIA;BOBINA 30X40;ATACADAO SP;ATIVO 
399 ATACADAO - MOGI GUACU;BOBINA 20X30;ATACADAO SP;ATIVO 
399 ATACADAO - MOGI GUACU;BOBINA 25X35;ATACADAO SP;ATIVO 
399 ATACADAO - MOGI GUACU;BOBINA 30X40;ATACADAO SP;ATIVO 
401 ATACADAO - OURINHOS;BOBINA 20X30;ATACADAO SP;ATIVO 
401 ATACADAO - OURINHOS;BOBINA 25X35;ATACADAO SP;ATIVO 
401 ATACADAO - OURINHOS;BOBINA 30X40;ATACADAO SP;ATIVO 
407 ATACADAO - RIO CLARO;BOBINA 20X30;ATACADAO SP;ATIVO 
407 ATACADAO - RIO CLARO;BOBINA 25X35;ATACADAO SP;ATIVO 
407 ATACADAO - RIO CLARO;BOBINA 30X40;ATACADAO SP;ATIVO 
258 ATACADAO - CARAGUATATUBA;BOBINA 20X30;ATACADAO SP;ATIVO 
258 ATACADAO - CARAGUATATUBA;BOBINA 25X35;ATACADAO SP;ATIVO 
258 ATACADAO - CARAGUATATUBA;BOBINA 30X40;ATACADAO SP;ATIVO 
259 ATACADAO - JACAREI;BOBINA 20X30;ATACADAO SP;ATIVO 
259 ATACADAO - JACAREI;BOBINA 25X35;ATACADAO SP;ATIVO 
259 ATACADAO - JACAREI;BOBINA 30X40;ATACADAO SP;ATIVO 
260 ATACADAO - MOGI MIRIM;BOBINA 20X30;ATACADAO SP;ATIVO 
260 ATACADAO - MOGI MIRIM;BOBINA 25X35;ATACADAO SP;ATIVO 
260 ATACADAO - MOGI MIRIM;BOBINA 30X40;ATACADAO SP;ATIVO 
268 ATACADAO - INDAIATUBA;BOBINA 20X30;ATACADAO SP;ATIVO 
268 ATACADAO - INDAIATUBA;BOBINA 25X35;ATACADAO SP;ATIVO 
268 ATACADAO - INDAIATUBA;BOBINA 30X40;ATACADAO SP;ATIVO 
319 ATACADAO - SOROCABA CAMPOLIM;BOBINA 20X30;ATACADAO SP;ATIVO 
319 ATACADAO - SOROCABA CAMPOLIM;BOBINA 25X35;ATACADAO SP;ATIVO 
319 ATACADAO - SOROCABA CAMPOLIM;BOBINA 30X40;ATACADAO SP;ATIVO 
328 ATACADAO - PRESIDENTE PRUDENTE;BOBINA 20X30;ATACADAO SP;ATIVO 
328 ATACADAO - PRESIDENTE PRUDENTE;BOBINA 25X35;ATACADAO SP;ATIVO 
328 ATACADAO - PRESIDENTE PRUDENTE;BOBINA 30X40;ATACADAO SP;ATIVO 
329 ATACADAO - PRESIDENTE PRUDENTE II - MONTE ALTO;BOBINA 20X30;ATACADAO SP;ATIVO 
329 ATACADAO - PRESIDENTE PRUDENTE II - MONTE ALTO;BOBINA 25X35;ATACADAO SP;ATIVO 
329 ATACADAO - PRESIDENTE PRUDENTE II - MONTE ALTO;BOBINA 30X40;ATACADAO SP;ATIVO 
330 ATACADAO - ARARAQUARA;BOBINA 20X30;ATACADAO SP;ATIVO 
330 ATACADAO - ARARAQUARA;BOBINA 25X35;ATACADAO SP;ATIVO 
330 ATACADAO - ARARAQUARA;BOBINA 30X40;ATACADAO SP;ATIVO 
331 ATACADAO - RIBEIRAO PRETO VIA NORTE;BOBINA 20X30;ATACADAO SP;ATIVO 
331 ATACADAO - RIBEIRAO PRETO VIA NORTE;BOBINA 25X35;ATACADAO SP;ATIVO 
331 ATACADAO - RIBEIRAO PRETO VIA NORTE;BOBINA 30X40;ATACADAO SP;ATIVO 
388 ATACADAO - GUARATINGUETA;BOBINA 20X30;ATACADAO SP;ATIVO 
388 ATACADAO - GUARATINGUETA;BOBINA 25X35;ATACADAO SP;ATIVO 
388 ATACADAO - GUARATINGUETA;BOBINA 30X40;ATACADAO SP;ATIVO 
402 ATACADAO - PIRACICABA;BOBINA 20X30;ATACADAO SP;ATIVO 
402 ATACADAO - PIRACICABA;BOBINA 25X35;ATACADAO SP;ATIVO 
402 ATACADAO - PIRACICABA;BOBINA 30X40;ATACADAO SP;ATIVO 
406 ATACADAO - RIBEIRAO PRETO;BOBINA 20X30;ATACADAO SP;ATIVO 
406 ATACADAO - RIBEIRAO PRETO;BOBINA 25X35;ATACADAO SP;ATIVO 
406 ATACADAO - RIBEIRAO PRETO;BOBINA 30X40;ATACADAO SP;ATIVO 
412 ATACADAO - SAO CARLOS;BOBINA 20X30;ATACADAO SP;ATIVO 
412 ATACADAO - SAO CARLOS;BOBINA 25X35;ATACADAO SP;ATIVO 
412 ATACADAO - SAO CARLOS;BOBINA 30X40;ATACADAO SP;ATIVO 
414 ATACADAO - SAO JOSE DO RIO PRETO AMERICA;BOBINA 20X30;ATACADAO SP;ATIVO 
414 ATACADAO - SAO JOSE DO RIO PRETO AMERICA;BOBINA 25X35;ATACADAO SP;ATIVO 
414 ATACADAO - SAO JOSE DO RIO PRETO AMERICA;BOBINA 30X40;ATACADAO SP;ATIVO 
BARCELOS ATACADISTA - GUARUS PLAZA;ECONOMICO 15L;BARCELOS ATACADISTA ;ATIVO 
BARCELOS ATACADISTA - GUARUS PLAZA;ECONOMICO 30L;BARCELOS ATACADISTA ;ATIVO 
BARCELOS ATACADISTA - GUARUS PLAZA;ECONOMICO 50L;BARCELOS ATACADISTA ;ATIVO 
BARCELOS ATACADISTA - GUARUS PLAZA;ECONOMICO 100L;BARCELOS ATACADISTA ;ATIVO 
BARCELOS ATACADISTA - GUARUS PLAZA;REFORCADO 100L;BARCELOS ATACADISTA ;ATIVO 
BARCELOS ATACADISTA - GUARUS PLAZA;REFORCADO 200L;BARCELOS ATACADISTA ;ATIVO 
BARCELOS ATACADISTA - ITABORAI;ECONOMICO 15L;BARCELOS ATACADISTA ;ATIVO 
BARCELOS ATACADISTA - ITABORAI;ECONOMICO 30L;BARCELOS ATACADISTA ;ATIVO 
BARCELOS ATACADISTA - ITABORAI;ECONOMICO 50L;BARCELOS ATACADISTA ;ATIVO 
BARCELOS ATACADISTA - ITABORAI;ECONOMICO 100L;BARCELOS ATACADISTA ;ATIVO 
BARCELOS ATACADISTA - ITABORAI;REFORCADO 100L;BARCELOS ATACADISTA ;ATIVO 
BARCELOS ATACADISTA - ITABORAI;REFORCADO 200L;BARCELOS ATACADISTA ;ATIVO 
BARCELOS ATACADISTA - SAO GONCALO;ECONOMICO 15L;BARCELOS ATACADISTA ;ATIVO 
BARCELOS ATACADISTA - SAO GONCALO;ECONOMICO 30L;BARCELOS ATACADISTA ;ATIVO 
BARCELOS ATACADISTA - SAO GONCALO;ECONOMICO 50L;BARCELOS ATACADISTA ;ATIVO 
BARCELOS ATACADISTA - SAO GONCALO;ECONOMICO 100L;BARCELOS ATACADISTA ;ATIVO 
BARCELOS ATACADISTA - SAO GONCALO;REFORCADO 100L;BARCELOS ATACADISTA ;ATIVO 
BARCELOS ATACADISTA - SAO GONCALO;REFORCADO 200L;BARCELOS ATACADISTA ;ATIVO 
SUPER BOM - 13 DE MAIO;ECONOMICO 15L;SUPER BOM ;ATIVO 
SUPER BOM - 13 DE MAIO;ECONOMICO 30L;SUPER BOM ;ATIVO 
SUPER BOM - 13 DE MAIO;ECONOMICO 50L;SUPER BOM ;ATIVO 
SUPER BOM - 13 DE MAIO;ECONOMICO 100L;SUPER BOM ;ATIVO 
SUPER BOM - 13 DE MAIO;REFORCADO 100L;SUPER BOM ;ATIVO 
SUPER BOM - 13 DE MAIO;REFORCADO 200L;SUPER BOM ;ATIVO 
SUPER BOM - CAMPO GRANDE;ECONOMICO 15L;SUPER BOM ;ATIVO 
SUPER BOM - CAMPO GRANDE;ECONOMICO 30L;SUPER BOM ;ATIVO 
SUPER BOM - CAMPO GRANDE;ECONOMICO 50L;SUPER BOM ;ATIVO 
SUPER BOM - CAMPO GRANDE;ECONOMICO 100L;SUPER BOM ;ATIVO 
SUPER BOM - CAMPO GRANDE;REFORCADO 100L;SUPER BOM ;ATIVO 
SUPER BOM - CAMPO GRANDE;REFORCADO 200L;SUPER BOM ;ATIVO 
SUPER BOM - COLUBANDE;ECONOMICO 15L;SUPER BOM ;ATIVO 
SUPER BOM - COLUBANDE;ECONOMICO 30L;SUPER BOM ;ATIVO 
SUPER BOM - COLUBANDE;ECONOMICO 50L;SUPER BOM ;ATIVO 
SUPER BOM - COLUBANDE;ECONOMICO 100L;SUPER BOM ;ATIVO 
SUPER BOM - COLUBANDE;REFORCADO 100L;SUPER BOM ;ATIVO 
SUPER BOM - COLUBANDE;REFORCADO 200L;SUPER BOM ;ATIVO 
SUPER BOM - CURICICA;ECONOMICO 15L;SUPER BOM ;ATIVO 
SUPER BOM - CURICICA;ECONOMICO 30L;SUPER BOM ;ATIVO 
SUPER BOM - CURICICA;ECONOMICO 50L;SUPER BOM ;ATIVO 
SUPER BOM - CURICICA;ECONOMICO 100L;SUPER BOM ;ATIVO 
SUPER BOM - CURICICA;REFORCADO 100L;SUPER BOM ;ATIVO 
SUPER BOM - CURICICA;REFORCADO 200L;SUPER BOM ;ATIVO 
SUPER BOM - GOYTACAZES;ECONOMICO 15L;SUPER BOM ;ATIVO 
SUPER BOM - GOYTACAZES;ECONOMICO 30L;SUPER BOM ;ATIVO 
SUPER BOM - GOYTACAZES;ECONOMICO 50L;SUPER BOM ;ATIVO 
SUPER BOM - GOYTACAZES;ECONOMICO 100L;SUPER BOM ;ATIVO 
SUPER BOM - GOYTACAZES;REFORCADO 100L;SUPER BOM ;ATIVO 
SUPER BOM - GOYTACAZES;REFORCADO 200L;SUPER BOM ;ATIVO 
SUPER BOM - GUARUS PLAZA;ECONOMICO 15L;SUPER BOM ;ATIVO 
SUPER BOM - GUARUS PLAZA;ECONOMICO 30L;SUPER BOM ;ATIVO 
SUPER BOM - GUARUS PLAZA;ECONOMICO 50L;SUPER BOM ;ATIVO 
SUPER BOM - GUARUS PLAZA;ECONOMICO 100L;SUPER BOM ;ATIVO 
SUPER BOM - GUARUS PLAZA;REFORCADO 100L;SUPER BOM ;ATIVO 
SUPER BOM - GUARUS PLAZA;REFORCADO 200L;SUPER BOM ;ATIVO 
SUPER BOM - IPS;ECONOMICO 15L;SUPER BOM ;ATIVO 
SUPER BOM - IPS;ECONOMICO 30L;SUPER BOM ;ATIVO 
SUPER BOM - IPS;ECONOMICO 50L;SUPER BOM ;ATIVO 
SUPER BOM - IPS;ECONOMICO 100L;SUPER BOM ;ATIVO 
SUPER BOM - IPS;REFORCADO 100L;SUPER BOM ;ATIVO 
SUPER BOM - IPS;REFORCADO 200L;SUPER BOM ;ATIVO 
SUPER BOM - NOVA IGUACU;ECONOMICO 15L;SUPER BOM ;ATIVO 
SUPER BOM - NOVA IGUACU;ECONOMICO 30L;SUPER BOM ;ATIVO 
SUPER BOM - NOVA IGUACU;ECONOMICO 50L;SUPER BOM ;ATIVO 
SUPER BOM - NOVA IGUACU;ECONOMICO 100L;SUPER BOM ;ATIVO 
SUPER BOM - NOVA IGUACU;REFORCADO 100L;SUPER BOM ;ATIVO 
SUPER BOM - NOVA IGUACU;REFORCADO 200L;SUPER BOM ;ATIVO 
SUPER BOM - PARTAGE SHOPPING;ECONOMICO 15L;SUPER BOM ;ATIVO 
SUPER BOM - PARTAGE SHOPPING;ECONOMICO 30L;SUPER BOM ;ATIVO 
SUPER BOM - PARTAGE SHOPPING;ECONOMICO 50L;SUPER BOM ;ATIVO 
SUPER BOM - PARTAGE SHOPPING;ECONOMICO 100L;SUPER BOM ;ATIVO 
SUPER BOM - PARTAGE SHOPPING;REFORCADO 100L;SUPER BOM ;ATIVO 
SUPER BOM - PARTAGE SHOPPING;REFORCADO 200L;SUPER BOM ;ATIVO 
SUPER BOM - SAO PEDRO DA ALDEIA;ECONOMICO 15L;SUPER BOM ;ATIVO 
SUPER BOM - SAO PEDRO DA ALDEIA;ECONOMICO 30L;SUPER BOM ;ATIVO 
SUPER BOM - SAO PEDRO DA ALDEIA;ECONOMICO 50L;SUPER BOM ;ATIVO 
SUPER BOM - SAO PEDRO DA ALDEIA;ECONOMICO 100L;SUPER BOM ;ATIVO 
SUPER BOM - SAO PEDRO DA ALDEIA;REFORCADO 100L;SUPER BOM ;ATIVO 
SUPER BOM - SAO PEDRO DA ALDEIA;REFORCADO 200L;SUPER BOM ;ATIVO 
SUPER BOM - 28 DE MARCO;ECONOMICO 15L;SUPER BOM ;ATIVO 
SUPER BOM - 28 DE MARCO;ECONOMICO 30L;SUPER BOM ;ATIVO 
SUPER BOM - 28 DE MARCO;ECONOMICO 50L;SUPER BOM ;ATIVO 
SUPER BOM - 28 DE MARCO;ECONOMICO 100L;SUPER BOM ;ATIVO 
SUPER BOM - 28 DE MARCO;REFORCADO 100L;SUPER BOM ;ATIVO 
SUPER BOM - 28 DE MARCO;REFORCADO 200L;SUPER BOM ;ATIVO 
SUPER BOM - TARCISIO MIRANDA;ECONOMICO 15L;SUPER BOM ;ATIVO 
SUPER BOM - TARCISIO MIRANDA;ECONOMICO 30L;SUPER BOM ;ATIVO 
SUPER BOM - TARCISIO MIRANDA;ECONOMICO 50L;SUPER BOM ;ATIVO 
SUPER BOM - TARCISIO MIRANDA;ECONOMICO 100L;SUPER BOM ;ATIVO 
SUPER BOM - TARCISIO MIRANDA;REFORCADO 100L;SUPER BOM ;ATIVO 
SUPER BOM - TARCISIO MIRANDA;REFORCADO 200L;SUPER BOM ;ATIVO 
SUPER BOM - CAMPISTA;ECONOMICO 15L;SUPER BOM ;ATIVO 
SUPER BOM - CAMPISTA;ECONOMICO 30L;SUPER BOM ;ATIVO 
SUPER BOM - CAMPISTA;ECONOMICO 50L;SUPER BOM ;ATIVO 
SUPER BOM - CAMPISTA;ECONOMICO 100L;SUPER BOM ;ATIVO 
SUPER BOM - CAMPISTA;REFORCADO 100L;SUPER BOM ;ATIVO 
SUPER BOM - CAMPISTA;REFORCADO 200L;SUPER BOM ;ATIVO 
SUPER BOM - BARTOLOMEU;ECONOMICO 15L;SUPER BOM ;ATIVO 
SUPER BOM - BARTOLOMEU;ECONOMICO 30L;SUPER BOM ;ATIVO 
SUPER BOM - BARTOLOMEU;ECONOMICO 50L;SUPER BOM ;ATIVO 
SUPER BOM - BARTOLOMEU;ECONOMICO 100L;SUPER BOM ;ATIVO 
SUPER BOM - BARTOLOMEU;REFORCADO 100L;SUPER BOM ;ATIVO 
SUPER BOM - BARTOLOMEU;REFORCADO 200L;SUPER BOM ;ATIVO 
SUPER BOM - ALBERTO TORRES;ECONOMICO 15L;SUPER BOM ;ATIVO 
SUPER BOM - ALBERTO TORRES;ECONOMICO 30L;SUPER BOM ;ATIVO 
SUPER BOM - ALBERTO TORRES;ECONOMICO 50L;SUPER BOM ;ATIVO 
SUPER BOM - ALBERTO TORRES;ECONOMICO 100L;SUPER BOM ;ATIVO 
SUPER BOM - ALBERTO TORRES;REFORCADO 100L;SUPER BOM ;ATIVO 
SUPER BOM - ALBERTO TORRES;REFORCADO 200L;SUPER BOM ;ATIVO 
SUPER BOM - VISCONDE JOSE ALVES DE AZEVEDO;ECONOMICO 15L;SUPER BOM ;ATIVO 
SUPER BOM - VISCONDE JOSE ALVES DE AZEVEDO;ECONOMICO 30L;SUPER BOM ;ATIVO 
SUPER BOM - VISCONDE JOSE ALVES DE AZEVEDO;ECONOMICO 50L;SUPER BOM ;ATIVO 
SUPER BOM - VISCONDE JOSE ALVES DE AZEVEDO;ECONOMICO 100L;SUPER BOM ;ATIVO 
SUPER BOM - VISCONDE JOSE ALVES DE AZEVEDO;REFORCADO 100L;SUPER BOM ;ATIVO 
SUPER BOM - VISCONDE JOSE ALVES DE AZEVEDO;REFORCADO 200L;SUPER BOM ;ATIVO 
SUPER BOM - UEBE TURF;ECONOMICO 15L;SUPER BOM ;ATIVO 
SUPER BOM - UEBE TURF;ECONOMICO 30L;SUPER BOM ;ATIVO 
SUPER BOM - UEBE TURF;ECONOMICO 50L;SUPER BOM ;ATIVO 
SUPER BOM - UEBE TURF;ECONOMICO 100L;SUPER BOM ;ATIVO 
SUPER BOM - UEBE TURF;REFORCADO 100L;SUPER BOM ;ATIVO 
SUPER BOM - UEBE TURF;REFORCADO 200L;SUPER BOM ;ATIVO 
SUPER BOM - ALBERTO LAMEGO;ECONOMICO 15L;SUPER BOM ;ATIVO 
SUPER BOM - ALBERTO LAMEGO;ECONOMICO 30L;SUPER BOM ;ATIVO 
SUPER BOM - ALBERTO LAMEGO;ECONOMICO 50L;SUPER BOM ;ATIVO 
SUPER BOM - ALBERTO LAMEGO;ECONOMICO 100L;SUPER BOM ;ATIVO 
SUPER BOM - ALBERTO LAMEGO;REFORCADO 100L;SUPER BOM ;ATIVO 
SUPER BOM - ALBERTO LAMEGO;REFORCADO 200L;SUPER BOM ;ATIVO 
SUPER BOM - SAO JOAO DA BARRA;ECONOMICO 15L;SUPER BOM ;ATIVO 
SUPER BOM - SAO JOAO DA BARRA;ECONOMICO 30L;SUPER BOM ;ATIVO 
SUPER BOM - SAO JOAO DA BARRA;ECONOMICO 50L;SUPER BOM ;ATIVO 
SUPER BOM - SAO JOAO DA BARRA;ECONOMICO 100L;SUPER BOM ;ATIVO 
SUPER BOM - SAO JOAO DA BARRA;REFORCADO 100L;SUPER BOM ;ATIVO 
SUPER BOM - SAO JOAO DA BARRA;REFORCADO 200L;SUPER BOM ;ATIVO 
ATACADAO MG - UBERLANDIA;BOBINA 20X30;ATACADAO MG;ATIVO 
ATACADAO MG - UBERLANDIA;BOBINA 25X35;ATACADAO MG;ATIVO 
ATACADAO MG - UBERLANDIA;BOBINA 30X40;ATACADAO MG;ATIVO 
ATACADAO MG - JUIZ DE FORA;BOBINA 20X30;ATACADAO MG;ATIVO 
ATACADAO MG - JUIZ DE FORA;BOBINA 25X35;ATACADAO MG;ATIVO 
ATACADAO MG - JUIZ DE FORA;BOBINA 30X40;ATACADAO MG;ATIVO 
ATACADAO MG - CONTAGEM;BOBINA 20X30;ATACADAO MG;ATIVO 
ATACADAO MG - CONTAGEM;BOBINA 25X35;ATACADAO MG;ATIVO 
ATACADAO MG - CONTAGEM;BOBINA 30X40;ATACADAO MG;ATIVO 
ATACADAO MG - UBERABA;BOBINA 20X30;ATACADAO MG;ATIVO 
ATACADAO MG - UBERABA;BOBINA 25X35;ATACADAO MG;ATIVO 
ATACADAO MG - UBERABA;BOBINA 30X40;ATACADAO MG;ATIVO 
ATACADAO MG - SETE LAGOAS;BOBINA 20X30;ATACADAO MG;ATIVO 
ATACADAO MG - SETE LAGOAS;BOBINA 25X35;ATACADAO MG;ATIVO 
ATACADAO MG - SETE LAGOAS;BOBINA 30X40;ATACADAO MG;ATIVO 
ATACADAO MG - CONTAGEM;BOBINA 20X30;ATACADAO MG;ATIVO 
ATACADAO MG - CONTAGEM;BOBINA 25X35;ATACADAO MG;ATIVO 
ATACADAO MG - CONTAGEM;BOBINA 30X40;ATACADAO MG;ATIVO 
ATACADAO MG - PATOS DE MINAS;BOBINA 20X30;ATACADAO MG;ATIVO 
ATACADAO MG - PATOS DE MINAS;BOBINA 25X35;ATACADAO MG;ATIVO 
ATACADAO MG - PATOS DE MINAS;BOBINA 30X40;ATACADAO MG;ATIVO 
ATACADAO MG - BELO HORIZONTE;BOBINA 20X30;ATACADAO MG;ATIVO 
ATACADAO MG - BELO HORIZONTE;BOBINA 25X35;ATACADAO MG;ATIVO 
ATACADAO MG - BELO HORIZONTE;BOBINA 30X40;ATACADAO MG;ATIVO 
ATACADAO MG - BETIM ;BOBINA 20X30;ATACADAO MG;ATIVO 
ATACADAO MG - BETIM ;BOBINA 25X35;ATACADAO MG;ATIVO 
ATACADAO MG - BETIM ;BOBINA 30X40;ATACADAO MG;ATIVO 
ATACADAO MG - GOVERNADOR VALADARES;BOBINA 20X30;ATACADAO MG;ATIVO 
ATACADAO MG - GOVERNADOR VALADARES;BOBINA 25X35;ATACADAO MG;ATIVO 
ATACADAO MG - GOVERNADOR VALADARES;BOBINA 30X40;ATACADAO MG;ATIVO 
ATACADAO MG - PAMPULHA;BOBINA 20X30;ATACADAO MG;ATIVO 
ATACADAO MG - PAMPULHA;BOBINA 25X35;ATACADAO MG;ATIVO 
ATACADAO MG - PAMPULHA;BOBINA 30X40;ATACADAO MG;ATIVO 
ATACADAO MG - CONTAGEM SHOPPING;BOBINA 20X30;ATACADAO MG;ATIVO 
ATACADAO MG - CONTAGEM SHOPPING;BOBINA 25X35;ATACADAO MG;ATIVO 
ATACADAO MG - CONTAGEM SHOPPING;BOBINA 30X40;ATACADAO MG;ATIVO 
Bramil - Areal;BRAMIL LIXO 15L;BRAMIL;ATIVO 
Bramil - Areal;BRAMIL LIXO 30L;BRAMIL;ATIVO 
Bramil - Areal;BRAMIL LIXO 50L ;BRAMIL;ATIVO 
Bramil - Areal;BRAMIL LIXO 100L;BRAMIL;ATIVO 
Bramil - Areal;BRAMIL LIXO 100L REF ;BRAMIL;ATIVO 
Bramil - Areal;BRAMIL LIXO 200L REF ;BRAMIL;ATIVO 
Bramil - Nova Friburgo;BRAMIL LIXO 15L;BRAMIL;ATIVO 
Bramil - Nova Friburgo;BRAMIL LIXO 30L;BRAMIL;ATIVO 
Bramil - Nova Friburgo;BRAMIL LIXO 50L ;BRAMIL;ATIVO 
Bramil - Nova Friburgo;BRAMIL LIXO 100L;BRAMIL;ATIVO 
Bramil - Nova Friburgo;BRAMIL LIXO 100L REF ;BRAMIL;ATIVO 
Bramil - Nova Friburgo;BRAMIL LIXO 200L REF ;BRAMIL;ATIVO 
Bramil - Pinheiral I;BRAMIL LIXO 15L;BRAMIL;ATIVO 
Bramil - Pinheiral I;BRAMIL LIXO 30L;BRAMIL;ATIVO 
Bramil - Pinheiral I;BRAMIL LIXO 50L ;BRAMIL;ATIVO 
Bramil - Pinheiral I;BRAMIL LIXO 100L;BRAMIL;ATIVO 
Bramil - Pinheiral I;BRAMIL LIXO 100L REF ;BRAMIL;ATIVO 
Bramil - Pinheiral I;BRAMIL LIXO 200L REF ;BRAMIL;ATIVO 
Bramil - Pinheiral II;BRAMIL LIXO 15L;BRAMIL;ATIVO 
Bramil - Pinheiral II;BRAMIL LIXO 30L;BRAMIL;ATIVO 
Bramil - Pinheiral II;BRAMIL LIXO 50L ;BRAMIL;ATIVO 
Bramil - Pinheiral II;BRAMIL LIXO 100L;BRAMIL;ATIVO 
Bramil - Pinheiral II;BRAMIL LIXO 100L REF ;BRAMIL;ATIVO 
Bramil - Pinheiral II;BRAMIL LIXO 200L REF ;BRAMIL;ATIVO 
Bramil Barra do Pirai;BRAMIL LIXO 15L;BRAMIL;ATIVO 
Bramil Barra do Pirai;BRAMIL LIXO 30L;BRAMIL;ATIVO 
Bramil Barra do Pirai;BRAMIL LIXO 50L ;BRAMIL;ATIVO 
Bramil Barra do Pirai;BRAMIL LIXO 100L;BRAMIL;ATIVO 
Bramil Barra do Pirai;BRAMIL LIXO 100L REF ;BRAMIL;ATIVO 
Bramil Barra do Pirai;BRAMIL LIXO 200L REF ;BRAMIL;ATIVO 
Bramil - Paraiba do Sul I;BRAMIL LIXO 15L;BRAMIL;ATIVO 
Bramil - Paraiba do Sul I;BRAMIL LIXO 30L;BRAMIL;ATIVO 
Bramil - Paraiba do Sul I;BRAMIL LIXO 50L ;BRAMIL;ATIVO 
Bramil - Paraiba do Sul I;BRAMIL LIXO 100L;BRAMIL;ATIVO 
Bramil - Paraiba do Sul I;BRAMIL LIXO 100L REF ;BRAMIL;ATIVO 
Bramil - Paraiba do Sul I;BRAMIL LIXO 200L REF ;BRAMIL;ATIVO 
Bramil - Paraiba do Sul II;BRAMIL LIXO 15L;BRAMIL;ATIVO 
Bramil - Paraiba do Sul II;BRAMIL LIXO 30L;BRAMIL;ATIVO 
Bramil - Paraiba do Sul II;BRAMIL LIXO 50L ;BRAMIL;ATIVO 
Bramil - Paraiba do Sul II;BRAMIL LIXO 100L;BRAMIL;ATIVO 
Bramil - Paraiba do Sul II;BRAMIL LIXO 100L REF ;BRAMIL;ATIVO 
Bramil - Paraiba do Sul II;BRAMIL LIXO 200L REF ;BRAMIL;ATIVO 
Bramil - Paraiba do Sul III;BRAMIL LIXO 15L;BRAMIL;ATIVO 
Bramil - Paraiba do Sul III;BRAMIL LIXO 30L;BRAMIL;ATIVO 
Bramil - Paraiba do Sul III;BRAMIL LIXO 50L ;BRAMIL;ATIVO 
Bramil - Paraiba do Sul III;BRAMIL LIXO 100L;BRAMIL;ATIVO 
Bramil - Paraiba do Sul III;BRAMIL LIXO 100L REF ;BRAMIL;ATIVO 
Bramil - Paraiba do Sul III;BRAMIL LIXO 200L REF ;BRAMIL;ATIVO 
Bramil - Tres Rios I;BRAMIL LIXO 15L;BRAMIL;ATIVO 
Bramil - Tres Rios I;BRAMIL LIXO 30L;BRAMIL;ATIVO 
Bramil - Tres Rios I;BRAMIL LIXO 50L ;BRAMIL;ATIVO 
Bramil - Tres Rios I;BRAMIL LIXO 100L;BRAMIL;ATIVO 
Bramil - Tres Rios I;BRAMIL LIXO 100L REF ;BRAMIL;ATIVO 
Bramil - Tres Rios I;BRAMIL LIXO 200L REF ;BRAMIL;ATIVO 
Bramil - Tres Rios II;BRAMIL LIXO 15L;BRAMIL;ATIVO 
Bramil - Tres Rios II;BRAMIL LIXO 30L;BRAMIL;ATIVO 
Bramil - Tres Rios II;BRAMIL LIXO 50L ;BRAMIL;ATIVO 
Bramil - Tres Rios II;BRAMIL LIXO 100L;BRAMIL;ATIVO 
Bramil - Tres Rios II;BRAMIL LIXO 100L REF ;BRAMIL;ATIVO 
Bramil - Tres Rios II;BRAMIL LIXO 200L REF ;BRAMIL;ATIVO 
Bramil - Tres Rios III;BRAMIL LIXO 15L;BRAMIL;ATIVO 
Bramil - Tres Rios III;BRAMIL LIXO 30L;BRAMIL;ATIVO 
Bramil - Tres Rios III;BRAMIL LIXO 50L ;BRAMIL;ATIVO 
Bramil - Tres Rios III;BRAMIL LIXO 100L;BRAMIL;ATIVO 
Bramil - Tres Rios III;BRAMIL LIXO 100L REF ;BRAMIL;ATIVO 
Bramil - Tres Rios III;BRAMIL LIXO 200L REF ;BRAMIL;ATIVO 
Bramil - Levy Gasparian;BRAMIL LIXO 15L;BRAMIL;ATIVO 
Bramil - Levy Gasparian;BRAMIL LIXO 30L;BRAMIL;ATIVO 
Bramil - Levy Gasparian;BRAMIL LIXO 50L ;BRAMIL;ATIVO 
Bramil - Levy Gasparian;BRAMIL LIXO 100L;BRAMIL;ATIVO 
Bramil - Levy Gasparian;BRAMIL LIXO 100L REF ;BRAMIL;ATIVO 
Bramil - Levy Gasparian;BRAMIL LIXO 200L REF ;BRAMIL;ATIVO 
Bramil - Paty dos Alferes I;BRAMIL LIXO 15L;BRAMIL;ATIVO 
Bramil - Paty dos Alferes I;BRAMIL LIXO 30L;BRAMIL;ATIVO 
Bramil - Paty dos Alferes I;BRAMIL LIXO 50L ;BRAMIL;ATIVO 
Bramil - Paty dos Alferes I;BRAMIL LIXO 100L;BRAMIL;ATIVO 
Bramil - Paty dos Alferes I;BRAMIL LIXO 100L REF ;BRAMIL;ATIVO 
Bramil - Paty dos Alferes I;BRAMIL LIXO 200L REF ;BRAMIL;ATIVO 
Bramil - Paty dos Alferes II;BRAMIL LIXO 15L;BRAMIL;ATIVO 
Bramil - Paty dos Alferes II;BRAMIL LIXO 30L;BRAMIL;ATIVO 
Bramil - Paty dos Alferes II;BRAMIL LIXO 50L ;BRAMIL;ATIVO 
Bramil - Paty dos Alferes II;BRAMIL LIXO 100L;BRAMIL;ATIVO 
Bramil - Paty dos Alferes II;BRAMIL LIXO 100L REF ;BRAMIL;ATIVO 
Bramil - Paty dos Alferes II;BRAMIL LIXO 200L REF ;BRAMIL;ATIVO 
Bramil - Valenca;BRAMIL LIXO 15L;BRAMIL;ATIVO 
Bramil - Valenca;BRAMIL LIXO 30L;BRAMIL;ATIVO 
Bramil - Valenca;BRAMIL LIXO 50L ;BRAMIL;ATIVO 
Bramil - Valenca;BRAMIL LIXO 100L;BRAMIL;ATIVO 
Bramil - Valenca;BRAMIL LIXO 100L REF ;BRAMIL;ATIVO 
Bramil - Valenca;BRAMIL LIXO 200L REF ;BRAMIL;ATIVO 
Bramil - Matias Barbosa;BRAMIL LIXO 15L;BRAMIL;ATIVO 
Bramil - Matias Barbosa;BRAMIL LIXO 30L;BRAMIL;ATIVO 
Bramil - Matias Barbosa;BRAMIL LIXO 50L ;BRAMIL;ATIVO 
Bramil - Matias Barbosa;BRAMIL LIXO 100L;BRAMIL;ATIVO 
Bramil - Matias Barbosa;BRAMIL LIXO 100L REF ;BRAMIL;ATIVO 
Bramil - Matias Barbosa;BRAMIL LIXO 200L REF ;BRAMIL;ATIVO 
Bramil - Petropolis I;BRAMIL LIXO 15L;BRAMIL;ATIVO 
Bramil - Petropolis I;BRAMIL LIXO 30L;BRAMIL;ATIVO 
Bramil - Petropolis I;BRAMIL LIXO 50L ;BRAMIL;ATIVO 
Bramil - Petropolis I;BRAMIL LIXO 100L;BRAMIL;ATIVO 
Bramil - Petropolis I;BRAMIL LIXO 100L REF ;BRAMIL;ATIVO 
Bramil - Petropolis I;BRAMIL LIXO 200L REF ;BRAMIL;ATIVO 
Bramil - Petropolis II;BRAMIL LIXO 15L;BRAMIL;ATIVO 
Bramil - Petropolis II;BRAMIL LIXO 30L;BRAMIL;ATIVO 
Bramil - Petropolis II;BRAMIL LIXO 50L ;BRAMIL;ATIVO 
Bramil - Petropolis II;BRAMIL LIXO 100L;BRAMIL;ATIVO 
Bramil - Petropolis II;BRAMIL LIXO 100L REF ;BRAMIL;ATIVO 
Bramil - Petropolis II;BRAMIL LIXO 200L REF ;BRAMIL;ATIVO 
Bramil - Petropolis III;BRAMIL LIXO 15L;BRAMIL;ATIVO 
Bramil - Petropolis III;BRAMIL LIXO 30L;BRAMIL;ATIVO 
Bramil - Petropolis III;BRAMIL LIXO 50L ;BRAMIL;ATIVO 
Bramil - Petropolis III;BRAMIL LIXO 100L;BRAMIL;ATIVO 
Bramil - Petropolis III;BRAMIL LIXO 100L REF ;BRAMIL;ATIVO 
Bramil - Petropolis III;BRAMIL LIXO 200L REF ;BRAMIL;ATIVO 
Bramil - Petropolis IV;BRAMIL LIXO 15L;BRAMIL;ATIVO 
Bramil - Petropolis IV;BRAMIL LIXO 30L;BRAMIL;ATIVO 
Bramil - Petropolis IV;BRAMIL LIXO 50L ;BRAMIL;ATIVO 
Bramil - Petropolis IV;BRAMIL LIXO 100L;BRAMIL;ATIVO 
Bramil - Petropolis IV;BRAMIL LIXO 100L REF ;BRAMIL;ATIVO 
Bramil - Petropolis IV;BRAMIL LIXO 200L REF ;BRAMIL;ATIVO 
Bramil - Vassouras;BRAMIL LIXO 15L;BRAMIL;ATIVO 
Bramil - Vassouras;BRAMIL LIXO 30L;BRAMIL;ATIVO 
Bramil - Vassouras;BRAMIL LIXO 50L ;BRAMIL;ATIVO 
Bramil - Vassouras;BRAMIL LIXO 100L;BRAMIL;ATIVO 
Bramil - Vassouras;BRAMIL LIXO 100L REF ;BRAMIL;ATIVO 
Bramil - Vassouras;BRAMIL LIXO 200L REF ;BRAMIL;ATIVO 
Bramil - Miguel Pereira;BRAMIL LIXO 15L;BRAMIL;ATIVO 
Bramil - Miguel Pereira;BRAMIL LIXO 30L;BRAMIL;ATIVO 
Bramil - Miguel Pereira;BRAMIL LIXO 50L ;BRAMIL;ATIVO 
Bramil - Miguel Pereira;BRAMIL LIXO 100L;BRAMIL;ATIVO 
Bramil - Miguel Pereira;BRAMIL LIXO 100L REF ;BRAMIL;ATIVO 
Bramil - Miguel Pereira;BRAMIL LIXO 200L REF ;BRAMIL;ATIVO 
Bramil - Volta Redonda;BRAMIL LIXO 15L;BRAMIL;ATIVO 
Bramil - Volta Redonda;BRAMIL LIXO 30L;BRAMIL;ATIVO 
Bramil - Volta Redonda;BRAMIL LIXO 50L ;BRAMIL;ATIVO 
Bramil - Volta Redonda;BRAMIL LIXO 100L;BRAMIL;ATIVO 
Bramil - Volta Redonda;BRAMIL LIXO 100L REF ;BRAMIL;ATIVO 
Bramil - Volta Redonda;BRAMIL LIXO 200L REF ;BRAMIL;ATIVO 
415 ATACADAO - SAO JOSE DO RIO PRETO II FALAVINA;BOBINA 20X30;ATACADAO SP;ATIVO 
415 ATACADAO - SAO JOSE DO RIO PRETO II FALAVINA;BOBINA 25X35;ATACADAO SP;ATIVO 
415 ATACADAO - SAO JOSE DO RIO PRETO II FALAVINA;BOBINA 30X40;ATACADAO SP;ATIVO 
418 ATACADAO - SOROCABA;BOBINA 20X30;ATACADAO SP;ATIVO 
418 ATACADAO - SOROCABA;BOBINA 25X35;ATACADAO SP;ATIVO 
418 ATACADAO - SOROCABA;BOBINA 30X40;ATACADAO SP;ATIVO 
420 ATACADAO - SOROCABA ITAVUVU;BOBINA 20X30;ATACADAO SP;ATIVO 
420 ATACADAO - SOROCABA ITAVUVU;BOBINA 25X35;ATACADAO SP;ATIVO 
420 ATACADAO - SOROCABA ITAVUVU;BOBINA 30X40;ATACADAO SP;ATIVO 
924 ATACADAO - ALAGOINHAS;BOBINA 20X30;ATACADAO BA;ATIVO 
924 ATACADAO - ALAGOINHAS;BOBINA 25X35;ATACADAO BA;ATIVO 
924 ATACADAO - ALAGOINHAS;BOBINA 30X40;ATACADAO BA;ATIVO 
924 ATACADAO - ALAGOINHAS;SACOLA 29X39;ATACADAO BA;ATIVO 
924 ATACADAO - ALAGOINHAS;SACOLA 38X48;ATACADAO BA;ATIVO 
924 ATACADAO - ALAGOINHAS;HIPERROLL 15L;ATACADAO BA;ATIVO 
924 ATACADAO - ALAGOINHAS;HIPERROLL 30L;ATACADAO BA;ATIVO 
924 ATACADAO - ALAGOINHAS;HIPERROLL 50L;ATACADAO BA;ATIVO 
924 ATACADAO - ALAGOINHAS;HIPERROLL 100L;ATACADAO BA;ATIVO 
924 ATACADAO - ALAGOINHAS;REFORCADO 100L;ATACADAO BA;ATIVO 
924 ATACADAO - ALAGOINHAS;REFORCADO 200L;ATACADAO BA;ATIVO 
924 ATACADAO - ALAGOINHAS;SACOLA VERDE 38X50;ATACADAO BA;ATIVO 
924 ATACADAO - ALAGOINHAS;SACOLA VERDE 40X50;ATACADAO BA;ATIVO 
68 ATACADAO - ARACAJU BR;BOBINA 20X30;ATACADAO BA;ATIVO 
68 ATACADAO - ARACAJU BR;BOBINA 25X35;ATACADAO BA;ATIVO 
68 ATACADAO - ARACAJU BR;BOBINA 30X40;ATACADAO BA;ATIVO 
68 ATACADAO - ARACAJU BR;SACOLA 29X39;ATACADAO BA;ATIVO 
68 ATACADAO - ARACAJU BR;SACOLA 38X48;ATACADAO BA;ATIVO 
68 ATACADAO - ARACAJU BR;HIPERROLL 15L;ATACADAO BA;ATIVO 
68 ATACADAO - ARACAJU BR;HIPERROLL 30L;ATACADAO BA;ATIVO 
68 ATACADAO - ARACAJU BR;HIPERROLL 50L;ATACADAO BA;ATIVO 
68 ATACADAO - ARACAJU BR;HIPERROLL 100L;ATACADAO BA;ATIVO 
68 ATACADAO - ARACAJU BR;REFORCADO 100L;ATACADAO BA;ATIVO 
68 ATACADAO - ARACAJU BR;REFORCADO 200L;ATACADAO BA;ATIVO 
68 ATACADAO - ARACAJU BR;SACOLA VERDE 38X50;ATACADAO BA;ATIVO 
68 ATACADAO - ARACAJU BR;SACOLA VERDE 40X50;ATACADAO BA;ATIVO 
109 ATACADAO - ARACAJU CD;BOBINA 20X30;ATACADAO BA;ATIVO 
109 ATACADAO - ARACAJU CD;BOBINA 25X35;ATACADAO BA;ATIVO 
109 ATACADAO - ARACAJU CD;BOBINA 30X40;ATACADAO BA;ATIVO 
109 ATACADAO - ARACAJU CD;SACOLA 29X39;ATACADAO BA;ATIVO 
109 ATACADAO - ARACAJU CD;SACOLA 38X48;ATACADAO BA;ATIVO 
109 ATACADAO - ARACAJU CD;HIPERROLL 15L;ATACADAO BA;ATIVO 
109 ATACADAO - ARACAJU CD;HIPERROLL 30L;ATACADAO BA;ATIVO 
109 ATACADAO - ARACAJU CD;HIPERROLL 50L;ATACADAO BA;ATIVO 
109 ATACADAO - ARACAJU CD;HIPERROLL 100L;ATACADAO BA;ATIVO 
109 ATACADAO - ARACAJU CD;REFORCADO 100L;ATACADAO BA;ATIVO 
109 ATACADAO - ARACAJU CD;REFORCADO 200L;ATACADAO BA;ATIVO 
109 ATACADAO - ARACAJU CD;SACOLA VERDE 38X50;ATACADAO BA;ATIVO 
109 ATACADAO - ARACAJU CD;SACOLA VERDE 40X50;ATACADAO BA;ATIVO 
862 ATACADAO - ARACAJU GON�ALO PRADO;BOBINA 20X30;ATACADAO BA;ATIVO 
862 ATACADAO - ARACAJU GON�ALO PRADO;BOBINA 25X35;ATACADAO BA;ATIVO 
862 ATACADAO - ARACAJU GON�ALO PRADO;BOBINA 30X40;ATACADAO BA;ATIVO 
862 ATACADAO - ARACAJU GON�ALO PRADO;SACOLA 29X39;ATACADAO BA;ATIVO 
862 ATACADAO - ARACAJU GON�ALO PRADO;SACOLA 38X48;ATACADAO BA;ATIVO 
862 ATACADAO - ARACAJU GON�ALO PRADO;HIPERROLL 15L;ATACADAO BA;ATIVO 
862 ATACADAO - ARACAJU GON�ALO PRADO;HIPERROLL 30L;ATACADAO BA;ATIVO 
862 ATACADAO - ARACAJU GON�ALO PRADO;HIPERROLL 50L;ATACADAO BA;ATIVO 
862 ATACADAO - ARACAJU GON�ALO PRADO;HIPERROLL 100L;ATACADAO BA;ATIVO 
862 ATACADAO - ARACAJU GON�ALO PRADO;REFORCADO 100L;ATACADAO BA;ATIVO 
862 ATACADAO - ARACAJU GON�ALO PRADO;REFORCADO 200L;ATACADAO BA;ATIVO 
862 ATACADAO - ARACAJU GON�ALO PRADO;SACOLA VERDE 38X50;ATACADAO BA;ATIVO 
862 ATACADAO - ARACAJU GON�ALO PRADO;SACOLA VERDE 40X50;ATACADAO BA;ATIVO 
274 ATACADAO - ARACAJU TANCREDO NEVES;BOBINA 20X30;ATACADAO BA;ATIVO 
274 ATACADAO - ARACAJU TANCREDO NEVES;BOBINA 25X35;ATACADAO BA;ATIVO 
274 ATACADAO - ARACAJU TANCREDO NEVES;BOBINA 30X40;ATACADAO BA;ATIVO 
274 ATACADAO - ARACAJU TANCREDO NEVES;SACOLA 29X39;ATACADAO BA;ATIVO 
274 ATACADAO - ARACAJU TANCREDO NEVES;SACOLA 38X48;ATACADAO BA;ATIVO 
274 ATACADAO - ARACAJU TANCREDO NEVES;HIPERROLL 15L;ATACADAO BA;ATIVO 
274 ATACADAO - ARACAJU TANCREDO NEVES;HIPERROLL 30L;ATACADAO BA;ATIVO 
274 ATACADAO - ARACAJU TANCREDO NEVES;HIPERROLL 50L;ATACADAO BA;ATIVO 
274 ATACADAO - ARACAJU TANCREDO NEVES;HIPERROLL 100L;ATACADAO BA;ATIVO 
274 ATACADAO - ARACAJU TANCREDO NEVES;REFORCADO 100L;ATACADAO BA;ATIVO 
274 ATACADAO - ARACAJU TANCREDO NEVES;REFORCADO 200L;ATACADAO BA;ATIVO 
274 ATACADAO - ARACAJU TANCREDO NEVES;SACOLA VERDE 38X50;ATACADAO BA;ATIVO 
274 ATACADAO - ARACAJU TANCREDO NEVES;SACOLA VERDE 40X50;ATACADAO BA;ATIVO 
926 ATACADAO - BARREIRAS;BOBINA 20X30;ATACADAO BA;ATIVO 
926 ATACADAO - BARREIRAS;BOBINA 25X35;ATACADAO BA;ATIVO 
926 ATACADAO - BARREIRAS;BOBINA 30X40;ATACADAO BA;ATIVO 
926 ATACADAO - BARREIRAS;SACOLA 29X39;ATACADAO BA;ATIVO 
926 ATACADAO - BARREIRAS;SACOLA 38X48;ATACADAO BA;ATIVO 
926 ATACADAO - BARREIRAS;HIPERROLL 15L;ATACADAO BA;ATIVO 
926 ATACADAO - BARREIRAS;HIPERROLL 30L;ATACADAO BA;ATIVO 
926 ATACADAO - BARREIRAS;HIPERROLL 50L;ATACADAO BA;ATIVO 
926 ATACADAO - BARREIRAS;HIPERROLL 100L;ATACADAO BA;ATIVO 
926 ATACADAO - BARREIRAS;REFORCADO 100L;ATACADAO BA;ATIVO 
926 ATACADAO - BARREIRAS;REFORCADO 200L;ATACADAO BA;ATIVO 
926 ATACADAO - BARREIRAS;SACOLA VERDE 38X50;ATACADAO BA;ATIVO 
926 ATACADAO - BARREIRAS;SACOLA VERDE 40X50;ATACADAO BA;ATIVO 
845 ATACADAO - CAMA�ARI CENTRO;BOBINA 20X30;ATACADAO BA;ATIVO 
845 ATACADAO - CAMA�ARI CENTRO;BOBINA 25X35;ATACADAO BA;ATIVO 
845 ATACADAO - CAMA�ARI CENTRO;BOBINA 30X40;ATACADAO BA;ATIVO 
845 ATACADAO - CAMA�ARI CENTRO;SACOLA 29X39;ATACADAO BA;ATIVO 
845 ATACADAO - CAMA�ARI CENTRO;SACOLA 38X48;ATACADAO BA;ATIVO 
845 ATACADAO - CAMA�ARI CENTRO;HIPERROLL 15L;ATACADAO BA;ATIVO 
845 ATACADAO - CAMA�ARI CENTRO;HIPERROLL 30L;ATACADAO BA;ATIVO 
845 ATACADAO - CAMA�ARI CENTRO;HIPERROLL 50L;ATACADAO BA;ATIVO 
845 ATACADAO - CAMA�ARI CENTRO;HIPERROLL 100L;ATACADAO BA;ATIVO 
845 ATACADAO - CAMA�ARI CENTRO;REFORCADO 100L;ATACADAO BA;ATIVO 
845 ATACADAO - CAMA�ARI CENTRO;REFORCADO 200L;ATACADAO BA;ATIVO 
845 ATACADAO - CAMA�ARI CENTRO;SACOLA VERDE 38X50;ATACADAO BA;ATIVO 
845 ATACADAO - CAMA�ARI CENTRO;SACOLA VERDE 40X50;ATACADAO BA;ATIVO 
915 ATACADAO - CAMA�ARI VIA PARAFUSO;BOBINA 20X30;ATACADAO BA;ATIVO 
915 ATACADAO - CAMA�ARI VIA PARAFUSO;BOBINA 25X35;ATACADAO BA;ATIVO 
915 ATACADAO - CAMA�ARI VIA PARAFUSO;BOBINA 30X40;ATACADAO BA;ATIVO 
915 ATACADAO - CAMA�ARI VIA PARAFUSO;SACOLA 29X39;ATACADAO BA;ATIVO 
915 ATACADAO - CAMA�ARI VIA PARAFUSO;SACOLA 38X48;ATACADAO BA;ATIVO 
915 ATACADAO - CAMA�ARI VIA PARAFUSO;HIPERROLL 15L;ATACADAO BA;ATIVO 
915 ATACADAO - CAMA�ARI VIA PARAFUSO;HIPERROLL 30L;ATACADAO BA;ATIVO 
915 ATACADAO - CAMA�ARI VIA PARAFUSO;HIPERROLL 50L;ATACADAO BA;ATIVO 
915 ATACADAO - CAMA�ARI VIA PARAFUSO;HIPERROLL 100L;ATACADAO BA;ATIVO 
915 ATACADAO - CAMA�ARI VIA PARAFUSO;REFORCADO 100L;ATACADAO BA;ATIVO 
915 ATACADAO - CAMA�ARI VIA PARAFUSO;REFORCADO 200L;ATACADAO BA;ATIVO 
915 ATACADAO - CAMA�ARI VIA PARAFUSO;SACOLA VERDE 38X50;ATACADAO BA;ATIVO 
915 ATACADAO - CAMA�ARI VIA PARAFUSO;SACOLA VERDE 40X50;ATACADAO BA;ATIVO 
911 ATACADAO - EUNAPOLIS;BOBINA 20X30;ATACADAO BA;ATIVO 
911 ATACADAO - EUNAPOLIS;BOBINA 25X35;ATACADAO BA;ATIVO 
911 ATACADAO - EUNAPOLIS;BOBINA 30X40;ATACADAO BA;ATIVO 
911 ATACADAO - EUNAPOLIS;SACOLA 29X39;ATACADAO BA;ATIVO 
911 ATACADAO - EUNAPOLIS;SACOLA 38X48;ATACADAO BA;ATIVO 
911 ATACADAO - EUNAPOLIS;HIPERROLL 15L;ATACADAO BA;ATIVO 
911 ATACADAO - EUNAPOLIS;HIPERROLL 30L;ATACADAO BA;ATIVO 
911 ATACADAO - EUNAPOLIS;HIPERROLL 50L;ATACADAO BA;ATIVO 
911 ATACADAO - EUNAPOLIS;HIPERROLL 100L;ATACADAO BA;ATIVO 
911 ATACADAO - EUNAPOLIS;REFORCADO 100L;ATACADAO BA;ATIVO 
911 ATACADAO - EUNAPOLIS;REFORCADO 200L;ATACADAO BA;ATIVO 
911 ATACADAO - EUNAPOLIS;SACOLA VERDE 38X50;ATACADAO BA;ATIVO 
911 ATACADAO - EUNAPOLIS;SACOLA VERDE 40X50;ATACADAO BA;ATIVO 
124 ATACADAO - FEIRA DE SANTANA CD;BOBINA 20X30;ATACADAO BA;ATIVO 
124 ATACADAO - FEIRA DE SANTANA CD;BOBINA 25X35;ATACADAO BA;ATIVO 
124 ATACADAO - FEIRA DE SANTANA CD;BOBINA 30X40;ATACADAO BA;ATIVO 
124 ATACADAO - FEIRA DE SANTANA CD;SACOLA 29X39;ATACADAO BA;ATIVO 
124 ATACADAO - FEIRA DE SANTANA CD;SACOLA 38X48;ATACADAO BA;ATIVO 
124 ATACADAO - FEIRA DE SANTANA CD;HIPERROLL 15L;ATACADAO BA;ATIVO 
124 ATACADAO - FEIRA DE SANTANA CD;HIPERROLL 30L;ATACADAO BA;ATIVO 
124 ATACADAO - FEIRA DE SANTANA CD;HIPERROLL 50L;ATACADAO BA;ATIVO 
124 ATACADAO - FEIRA DE SANTANA CD;HIPERROLL 100L;ATACADAO BA;ATIVO 
124 ATACADAO - FEIRA DE SANTANA CD;REFORCADO 100L;ATACADAO BA;ATIVO 
124 ATACADAO - FEIRA DE SANTANA CD;REFORCADO 200L;ATACADAO BA;ATIVO 
124 ATACADAO - FEIRA DE SANTANA CD;SACOLA VERDE 38X50;ATACADAO BA;ATIVO 
124 ATACADAO - FEIRA DE SANTANA CD;SACOLA VERDE 40X50;ATACADAO BA;ATIVO 
914 ATACADAO - FEIRA MORADA DAS ARVORES;BOBINA 20X30;ATACADAO BA;ATIVO 
914 ATACADAO - FEIRA MORADA DAS ARVORES;BOBINA 25X35;ATACADAO BA;ATIVO 
914 ATACADAO - FEIRA MORADA DAS ARVORES;BOBINA 30X40;ATACADAO BA;ATIVO 
914 ATACADAO - FEIRA MORADA DAS ARVORES;SACOLA 29X39;ATACADAO BA;ATIVO 
914 ATACADAO - FEIRA MORADA DAS ARVORES;SACOLA 38X48;ATACADAO BA;ATIVO 
914 ATACADAO - FEIRA MORADA DAS ARVORES;HIPERROLL 15L;ATACADAO BA;ATIVO 
914 ATACADAO - FEIRA MORADA DAS ARVORES;HIPERROLL 30L;ATACADAO BA;ATIVO 
914 ATACADAO - FEIRA MORADA DAS ARVORES;HIPERROLL 50L;ATACADAO BA;ATIVO 
914 ATACADAO - FEIRA MORADA DAS ARVORES;HIPERROLL 100L;ATACADAO BA;ATIVO 
914 ATACADAO - FEIRA MORADA DAS ARVORES;REFORCADO 100L;ATACADAO BA;ATIVO 
914 ATACADAO - FEIRA MORADA DAS ARVORES;REFORCADO 200L;ATACADAO BA;ATIVO 
914 ATACADAO - FEIRA MORADA DAS ARVORES;SACOLA VERDE 38X50;ATACADAO BA;ATIVO 
914 ATACADAO - FEIRA MORADA DAS ARVORES;SACOLA VERDE 40X50;ATACADAO BA;ATIVO 
830 ATACADAO - FEIRA PEDRA DESCANSO;BOBINA 20X30;ATACADAO BA;ATIVO 
830 ATACADAO - FEIRA PEDRA DESCANSO;BOBINA 25X35;ATACADAO BA;ATIVO 
830 ATACADAO - FEIRA PEDRA DESCANSO;BOBINA 30X40;ATACADAO BA;ATIVO 
830 ATACADAO - FEIRA PEDRA DESCANSO;SACOLA 29X39;ATACADAO BA;ATIVO 
830 ATACADAO - FEIRA PEDRA DESCANSO;SACOLA 38X48;ATACADAO BA;ATIVO 
830 ATACADAO - FEIRA PEDRA DESCANSO;HIPERROLL 15L;ATACADAO BA;ATIVO 
830 ATACADAO - FEIRA PEDRA DESCANSO;HIPERROLL 30L;ATACADAO BA;ATIVO 
830 ATACADAO - FEIRA PEDRA DESCANSO;HIPERROLL 50L;ATACADAO BA;ATIVO 
830 ATACADAO - FEIRA PEDRA DESCANSO;HIPERROLL 100L;ATACADAO BA;ATIVO 
830 ATACADAO - FEIRA PEDRA DESCANSO;REFORCADO 100L;ATACADAO BA;ATIVO 
830 ATACADAO - FEIRA PEDRA DESCANSO;REFORCADO 200L;ATACADAO BA;ATIVO 
830 ATACADAO - FEIRA PEDRA DESCANSO;SACOLA VERDE 38X50;ATACADAO BA;ATIVO 
830 ATACADAO - FEIRA PEDRA DESCANSO;SACOLA VERDE 40X50;ATACADAO BA;ATIVO 
908 ATACADAO - FEIRA SUBAE;BOBINA 20X30;ATACADAO BA;ATIVO 
908 ATACADAO - FEIRA SUBAE;BOBINA 25X35;ATACADAO BA;ATIVO 
908 ATACADAO - FEIRA SUBAE;BOBINA 30X40;ATACADAO BA;ATIVO 
908 ATACADAO - FEIRA SUBAE;SACOLA 29X39;ATACADAO BA;ATIVO 
908 ATACADAO - FEIRA SUBAE;SACOLA 38X48;ATACADAO BA;ATIVO 
908 ATACADAO - FEIRA SUBAE;HIPERROLL 15L;ATACADAO BA;ATIVO 
908 ATACADAO - FEIRA SUBAE;HIPERROLL 30L;ATACADAO BA;ATIVO 
908 ATACADAO - FEIRA SUBAE;HIPERROLL 50L;ATACADAO BA;ATIVO 
908 ATACADAO - FEIRA SUBAE;HIPERROLL 100L;ATACADAO BA;ATIVO 
908 ATACADAO - FEIRA SUBAE;REFORCADO 100L;ATACADAO BA;ATIVO 
908 ATACADAO - FEIRA SUBAE;REFORCADO 200L;ATACADAO BA;ATIVO 
908 ATACADAO - FEIRA SUBAE;SACOLA VERDE 38X50;ATACADAO BA;ATIVO 
908 ATACADAO - FEIRA SUBAE;SACOLA VERDE 40X50;ATACADAO BA;ATIVO 
906 ATACADAO - ILHEUS BR;BOBINA 20X30;ATACADAO BA;ATIVO 
906 ATACADAO - ILHEUS BR;BOBINA 25X35;ATACADAO BA;ATIVO 
906 ATACADAO - ILHEUS BR;BOBINA 30X40;ATACADAO BA;ATIVO 
906 ATACADAO - ILHEUS BR;SACOLA 29X39;ATACADAO BA;ATIVO 
906 ATACADAO - ILHEUS BR;SACOLA 38X48;ATACADAO BA;ATIVO 
906 ATACADAO - ILHEUS BR;HIPERROLL 15L;ATACADAO BA;ATIVO 
906 ATACADAO - ILHEUS BR;HIPERROLL 30L;ATACADAO BA;ATIVO 
906 ATACADAO - ILHEUS BR;HIPERROLL 50L;ATACADAO BA;ATIVO 
906 ATACADAO - ILHEUS BR;HIPERROLL 100L;ATACADAO BA;ATIVO 
906 ATACADAO - ILHEUS BR;REFORCADO 100L;ATACADAO BA;ATIVO 
906 ATACADAO - ILHEUS BR;REFORCADO 200L;ATACADAO BA;ATIVO 
906 ATACADAO - ILHEUS BR;SACOLA VERDE 38X50;ATACADAO BA;ATIVO 
906 ATACADAO - ILHEUS BR;SACOLA VERDE 40X50;ATACADAO BA;ATIVO 
932 ATACADAO - ILHEUS PRAIA;BOBINA 20X30;ATACADAO BA;ATIVO 
932 ATACADAO - ILHEUS PRAIA;BOBINA 25X35;ATACADAO BA;ATIVO 
932 ATACADAO - ILHEUS PRAIA;BOBINA 30X40;ATACADAO BA;ATIVO 
932 ATACADAO - ILHEUS PRAIA;SACOLA 29X39;ATACADAO BA;ATIVO 
932 ATACADAO - ILHEUS PRAIA;SACOLA 38X48;ATACADAO BA;ATIVO 
932 ATACADAO - ILHEUS PRAIA;HIPERROLL 15L;ATACADAO BA;ATIVO 
932 ATACADAO - ILHEUS PRAIA;HIPERROLL 30L;ATACADAO BA;ATIVO 
932 ATACADAO - ILHEUS PRAIA;HIPERROLL 50L;ATACADAO BA;ATIVO 
932 ATACADAO - ILHEUS PRAIA;HIPERROLL 100L;ATACADAO BA;ATIVO 
932 ATACADAO - ILHEUS PRAIA;REFORCADO 100L;ATACADAO BA;ATIVO 
932 ATACADAO - ILHEUS PRAIA;REFORCADO 200L;ATACADAO BA;ATIVO 
932 ATACADAO - ILHEUS PRAIA;SACOLA VERDE 38X50;ATACADAO BA;ATIVO 
932 ATACADAO - ILHEUS PRAIA;SACOLA VERDE 40X50;ATACADAO BA;ATIVO 
913 ATACADAO - IRECE;BOBINA 20X30;ATACADAO BA;ATIVO 
913 ATACADAO - IRECE;BOBINA 25X35;ATACADAO BA;ATIVO 
913 ATACADAO - IRECE;BOBINA 30X40;ATACADAO BA;ATIVO 
913 ATACADAO - IRECE;SACOLA 29X39;ATACADAO BA;ATIVO 
913 ATACADAO - IRECE;SACOLA 38X48;ATACADAO BA;ATIVO 
913 ATACADAO - IRECE;HIPERROLL 15L;ATACADAO BA;ATIVO 
913 ATACADAO - IRECE;HIPERROLL 30L;ATACADAO BA;ATIVO 
913 ATACADAO - IRECE;HIPERROLL 50L;ATACADAO BA;ATIVO 
913 ATACADAO - IRECE;HIPERROLL 100L;ATACADAO BA;ATIVO 
913 ATACADAO - IRECE;REFORCADO 100L;ATACADAO BA;ATIVO 
913 ATACADAO - IRECE;REFORCADO 200L;ATACADAO BA;ATIVO 
913 ATACADAO - IRECE;SACOLA VERDE 38X50;ATACADAO BA;ATIVO 
913 ATACADAO - IRECE;SACOLA VERDE 40X50;ATACADAO BA;ATIVO 
741 ATACADAO - ITAPARICA;BOBINA 20X30;ATACADAO BA;ATIVO 
741 ATACADAO - ITAPARICA;BOBINA 25X35;ATACADAO BA;ATIVO 
741 ATACADAO - ITAPARICA;BOBINA 30X40;ATACADAO BA;ATIVO 
741 ATACADAO - ITAPARICA;SACOLA 29X39;ATACADAO BA;ATIVO 
741 ATACADAO - ITAPARICA;SACOLA 38X48;ATACADAO BA;ATIVO 
741 ATACADAO - ITAPARICA;HIPERROLL 15L;ATACADAO BA;ATIVO 
741 ATACADAO - ITAPARICA;HIPERROLL 30L;ATACADAO BA;ATIVO 
741 ATACADAO - ITAPARICA;HIPERROLL 50L;ATACADAO BA;ATIVO 
741 ATACADAO - ITAPARICA;HIPERROLL 100L;ATACADAO BA;ATIVO 
741 ATACADAO - ITAPARICA;REFORCADO 100L;ATACADAO BA;ATIVO 
741 ATACADAO - ITAPARICA;REFORCADO 200L;ATACADAO BA;ATIVO 
741 ATACADAO - ITAPARICA;SACOLA VERDE 38X50;ATACADAO BA;ATIVO 
741 ATACADAO - ITAPARICA;SACOLA VERDE 40X50;ATACADAO BA;ATIVO 
887 ATACADAO - JUAZEIRO;BOBINA 20X30;ATACADAO BA;ATIVO 
887 ATACADAO - JUAZEIRO;BOBINA 25X35;ATACADAO BA;ATIVO 
887 ATACADAO - JUAZEIRO;BOBINA 30X40;ATACADAO BA;ATIVO 
887 ATACADAO - JUAZEIRO;SACOLA 29X39;ATACADAO BA;ATIVO 
887 ATACADAO - JUAZEIRO;SACOLA 38X48;ATACADAO BA;ATIVO 
887 ATACADAO - JUAZEIRO;HIPERROLL 15L;ATACADAO BA;ATIVO 
887 ATACADAO - JUAZEIRO;HIPERROLL 30L;ATACADAO BA;ATIVO 
887 ATACADAO - JUAZEIRO;HIPERROLL 50L;ATACADAO BA;ATIVO 
887 ATACADAO - JUAZEIRO;HIPERROLL 100L;ATACADAO BA;ATIVO 
887 ATACADAO - JUAZEIRO;REFORCADO 100L;ATACADAO BA;ATIVO 
887 ATACADAO - JUAZEIRO;REFORCADO 200L;ATACADAO BA;ATIVO 
887 ATACADAO - JUAZEIRO;SACOLA VERDE 38X50;ATACADAO BA;ATIVO 
887 ATACADAO - JUAZEIRO;SACOLA VERDE 40X50;ATACADAO BA;ATIVO 
824 ATACADAO - LAURO DE FREITAS CAJI;BOBINA 20X30;ATACADAO BA;ATIVO 
824 ATACADAO - LAURO DE FREITAS CAJI;BOBINA 25X35;ATACADAO BA;ATIVO 
824 ATACADAO - LAURO DE FREITAS CAJI;BOBINA 30X40;ATACADAO BA;ATIVO 
824 ATACADAO - LAURO DE FREITAS CAJI;SACOLA 29X39;ATACADAO BA;ATIVO 
824 ATACADAO - LAURO DE FREITAS CAJI;SACOLA 38X48;ATACADAO BA;ATIVO 
824 ATACADAO - LAURO DE FREITAS CAJI;HIPERROLL 15L;ATACADAO BA;ATIVO 
824 ATACADAO - LAURO DE FREITAS CAJI;HIPERROLL 30L;ATACADAO BA;ATIVO 
824 ATACADAO - LAURO DE FREITAS CAJI;HIPERROLL 50L;ATACADAO BA;ATIVO 
824 ATACADAO - LAURO DE FREITAS CAJI;HIPERROLL 100L;ATACADAO BA;ATIVO 
824 ATACADAO - LAURO DE FREITAS CAJI;REFORCADO 100L;ATACADAO BA;ATIVO 
824 ATACADAO - LAURO DE FREITAS CAJI;REFORCADO 200L;ATACADAO BA;ATIVO 
824 ATACADAO - LAURO DE FREITAS CAJI;SACOLA VERDE 38X50;ATACADAO BA;ATIVO 
824 ATACADAO - LAURO DE FREITAS CAJI;SACOLA VERDE 40X50;ATACADAO BA;ATIVO 
907 ATACADAO - LAURO DE FREITAS PORTAO;BOBINA 20X30;ATACADAO BA;ATIVO 
907 ATACADAO - LAURO DE FREITAS PORTAO;BOBINA 25X35;ATACADAO BA;ATIVO 
907 ATACADAO - LAURO DE FREITAS PORTAO;BOBINA 30X40;ATACADAO BA;ATIVO 
907 ATACADAO - LAURO DE FREITAS PORTAO;SACOLA 29X39;ATACADAO BA;ATIVO 
907 ATACADAO - LAURO DE FREITAS PORTAO;SACOLA 38X48;ATACADAO BA;ATIVO 
907 ATACADAO - LAURO DE FREITAS PORTAO;HIPERROLL 15L;ATACADAO BA;ATIVO 
907 ATACADAO - LAURO DE FREITAS PORTAO;HIPERROLL 30L;ATACADAO BA;ATIVO 
907 ATACADAO - LAURO DE FREITAS PORTAO;HIPERROLL 50L;ATACADAO BA;ATIVO 
907 ATACADAO - LAURO DE FREITAS PORTAO;HIPERROLL 100L;ATACADAO BA;ATIVO 
907 ATACADAO - LAURO DE FREITAS PORTAO;REFORCADO 100L;ATACADAO BA;ATIVO 
907 ATACADAO - LAURO DE FREITAS PORTAO;REFORCADO 200L;ATACADAO BA;ATIVO 
907 ATACADAO - LAURO DE FREITAS PORTAO;SACOLA VERDE 38X50;ATACADAO BA;ATIVO 
907 ATACADAO - LAURO DE FREITAS PORTAO;SACOLA VERDE 40X50;ATACADAO BA;ATIVO 
902 ATACADAO - SANTO ANTONIO DE JESUS;BOBINA 20X30;ATACADAO BA;ATIVO 
902 ATACADAO - SANTO ANTONIO DE JESUS;BOBINA 25X35;ATACADAO BA;ATIVO 
902 ATACADAO - SANTO ANTONIO DE JESUS;BOBINA 30X40;ATACADAO BA;ATIVO 
902 ATACADAO - SANTO ANTONIO DE JESUS;SACOLA 29X39;ATACADAO BA;ATIVO 
902 ATACADAO - SANTO ANTONIO DE JESUS;SACOLA 38X48;ATACADAO BA;ATIVO 
902 ATACADAO - SANTO ANTONIO DE JESUS;HIPERROLL 15L;ATACADAO BA;ATIVO 
902 ATACADAO - SANTO ANTONIO DE JESUS;HIPERROLL 30L;ATACADAO BA;ATIVO 
902 ATACADAO - SANTO ANTONIO DE JESUS;HIPERROLL 50L;ATACADAO BA;ATIVO 
902 ATACADAO - SANTO ANTONIO DE JESUS;HIPERROLL 100L;ATACADAO BA;ATIVO 
902 ATACADAO - SANTO ANTONIO DE JESUS;REFORCADO 100L;ATACADAO BA;ATIVO 
902 ATACADAO - SANTO ANTONIO DE JESUS;REFORCADO 200L;ATACADAO BA;ATIVO 
902 ATACADAO - SANTO ANTONIO DE JESUS;SACOLA VERDE 38X50;ATACADAO BA;ATIVO 
902 ATACADAO - SANTO ANTONIO DE JESUS;SACOLA VERDE 40X50;ATACADAO BA;ATIVO 
909 ATACADAO - SIMOES FILHO;BOBINA 20X30;ATACADAO BA;ATIVO 
909 ATACADAO - SIMOES FILHO;BOBINA 25X35;ATACADAO BA;ATIVO 
909 ATACADAO - SIMOES FILHO;BOBINA 30X40;ATACADAO BA;ATIVO 
909 ATACADAO - SIMOES FILHO;SACOLA 29X39;ATACADAO BA;ATIVO 
909 ATACADAO - SIMOES FILHO;SACOLA 38X48;ATACADAO BA;ATIVO 
909 ATACADAO - SIMOES FILHO;HIPERROLL 15L;ATACADAO BA;ATIVO 
909 ATACADAO - SIMOES FILHO;HIPERROLL 30L;ATACADAO BA;ATIVO 
909 ATACADAO - SIMOES FILHO;HIPERROLL 50L;ATACADAO BA;ATIVO 
909 ATACADAO - SIMOES FILHO;HIPERROLL 100L;ATACADAO BA;ATIVO 
909 ATACADAO - SIMOES FILHO;REFORCADO 100L;ATACADAO BA;ATIVO 
909 ATACADAO - SIMOES FILHO;REFORCADO 200L;ATACADAO BA;ATIVO 
909 ATACADAO - SIMOES FILHO;SACOLA VERDE 38X50;ATACADAO BA;ATIVO 
909 ATACADAO - SIMOES FILHO;SACOLA VERDE 40X50;ATACADAO BA;ATIVO 
916 ATACADAO - SSA ACM;BOBINA 20X30;ATACADAO BA;ATIVO 
916 ATACADAO - SSA ACM;BOBINA 25X35;ATACADAO BA;ATIVO 
916 ATACADAO - SSA ACM;BOBINA 30X40;ATACADAO BA;ATIVO 
916 ATACADAO - SSA ACM;SACOLA 29X39;ATACADAO BA;ATIVO 
916 ATACADAO - SSA ACM;SACOLA 38X48;ATACADAO BA;ATIVO 
916 ATACADAO - SSA ACM;HIPERROLL 15L;ATACADAO BA;ATIVO 
916 ATACADAO - SSA ACM;HIPERROLL 30L;ATACADAO BA;ATIVO 
916 ATACADAO - SSA ACM;HIPERROLL 50L;ATACADAO BA;ATIVO 
916 ATACADAO - SSA ACM;HIPERROLL 100L;ATACADAO BA;ATIVO 
916 ATACADAO - SSA ACM;REFORCADO 100L;ATACADAO BA;ATIVO 
916 ATACADAO - SSA ACM;REFORCADO 200L;ATACADAO BA;ATIVO 
916 ATACADAO - SSA ACM;SACOLA VERDE 38X50;ATACADAO BA;ATIVO 
916 ATACADAO - SSA ACM;SACOLA VERDE 40X50;ATACADAO BA;ATIVO 
695 ATACADAO - SSA BARRA;BOBINA 20X30;ATACADAO BA;ATIVO 
695 ATACADAO - SSA BARRA;BOBINA 25X35;ATACADAO BA;ATIVO 
695 ATACADAO - SSA BARRA;BOBINA 30X40;ATACADAO BA;ATIVO 
695 ATACADAO - SSA BARRA;SACOLA 29X39;ATACADAO BA;ATIVO 
695 ATACADAO - SSA BARRA;SACOLA 38X48;ATACADAO BA;ATIVO 
695 ATACADAO - SSA BARRA;HIPERROLL 15L;ATACADAO BA;ATIVO 
695 ATACADAO - SSA BARRA;HIPERROLL 30L;ATACADAO BA;ATIVO 
695 ATACADAO - SSA BARRA;HIPERROLL 50L;ATACADAO BA;ATIVO 
695 ATACADAO - SSA BARRA;HIPERROLL 100L;ATACADAO BA;ATIVO 
695 ATACADAO - SSA BARRA;REFORCADO 100L;ATACADAO BA;ATIVO 
695 ATACADAO - SSA BARRA;REFORCADO 200L;ATACADAO BA;ATIVO 
695 ATACADAO - SSA BARRA;SACOLA VERDE 38X50;ATACADAO BA;ATIVO 
695 ATACADAO - SSA BARRA;SACOLA VERDE 40X50;ATACADAO BA;ATIVO 
919 ATACADAO - SSA BARROS REIS;BOBINA 20X30;ATACADAO BA;ATIVO 
919 ATACADAO - SSA BARROS REIS;BOBINA 25X35;ATACADAO BA;ATIVO 
919 ATACADAO - SSA BARROS REIS;BOBINA 30X40;ATACADAO BA;ATIVO 
919 ATACADAO - SSA BARROS REIS;SACOLA 29X39;ATACADAO BA;ATIVO 
919 ATACADAO - SSA BARROS REIS;SACOLA 38X48;ATACADAO BA;ATIVO 
919 ATACADAO - SSA BARROS REIS;HIPERROLL 15L;ATACADAO BA;ATIVO 
919 ATACADAO - SSA BARROS REIS;HIPERROLL 30L;ATACADAO BA;ATIVO 
919 ATACADAO - SSA BARROS REIS;HIPERROLL 50L;ATACADAO BA;ATIVO 
919 ATACADAO - SSA BARROS REIS;HIPERROLL 100L;ATACADAO BA;ATIVO 
919 ATACADAO - SSA BARROS REIS;REFORCADO 100L;ATACADAO BA;ATIVO 
919 ATACADAO - SSA BARROS REIS;REFORCADO 200L;ATACADAO BA;ATIVO 
919 ATACADAO - SSA BARROS REIS;SACOLA VERDE 38X50;ATACADAO BA;ATIVO 
919 ATACADAO - SSA BARROS REIS;SACOLA VERDE 40X50;ATACADAO BA;ATIVO 
918 ATACADAO - SSA BONOCO;BOBINA 20X30;ATACADAO BA;ATIVO 
918 ATACADAO - SSA BONOCO;BOBINA 25X35;ATACADAO BA;ATIVO 
918 ATACADAO - SSA BONOCO;BOBINA 30X40;ATACADAO BA;ATIVO 
918 ATACADAO - SSA BONOCO;SACOLA 29X39;ATACADAO BA;ATIVO 
918 ATACADAO - SSA BONOCO;SACOLA 38X48;ATACADAO BA;ATIVO 
918 ATACADAO - SSA BONOCO;HIPERROLL 15L;ATACADAO BA;ATIVO 
918 ATACADAO - SSA BONOCO;HIPERROLL 30L;ATACADAO BA;ATIVO 
918 ATACADAO - SSA BONOCO;HIPERROLL 50L;ATACADAO BA;ATIVO 
918 ATACADAO - SSA BONOCO;HIPERROLL 100L;ATACADAO BA;ATIVO 
918 ATACADAO - SSA BONOCO;REFORCADO 100L;ATACADAO BA;ATIVO 
918 ATACADAO - SSA BONOCO;REFORCADO 200L;ATACADAO BA;ATIVO 
918 ATACADAO - SSA BONOCO;SACOLA VERDE 38X50;ATACADAO BA;ATIVO 
918 ATACADAO - SSA BONOCO;SACOLA VERDE 40X50;ATACADAO BA;ATIVO 
835 ATACADAO - SSA CABULA;BOBINA 20X30;ATACADAO BA;ATIVO 
835 ATACADAO - SSA CABULA;BOBINA 25X35;ATACADAO BA;ATIVO 
835 ATACADAO - SSA CABULA;BOBINA 30X40;ATACADAO BA;ATIVO 
835 ATACADAO - SSA CABULA;SACOLA 29X39;ATACADAO BA;ATIVO 
835 ATACADAO - SSA CABULA;SACOLA 38X48;ATACADAO BA;ATIVO 
835 ATACADAO - SSA CABULA;HIPERROLL 15L;ATACADAO BA;ATIVO 
835 ATACADAO - SSA CABULA;HIPERROLL 30L;ATACADAO BA;ATIVO 
835 ATACADAO - SSA CABULA;HIPERROLL 50L;ATACADAO BA;ATIVO 
835 ATACADAO - SSA CABULA;HIPERROLL 100L;ATACADAO BA;ATIVO 
835 ATACADAO - SSA CABULA;REFORCADO 100L;ATACADAO BA;ATIVO 
835 ATACADAO - SSA CABULA;REFORCADO 200L;ATACADAO BA;ATIVO 
835 ATACADAO - SSA CABULA;SACOLA VERDE 38X50;ATACADAO BA;ATIVO 
835 ATACADAO - SSA CABULA;SACOLA VERDE 40X50;ATACADAO BA;ATIVO 
917 ATACADAO - SSA CAJAZEIRAS;BOBINA 20X30;ATACADAO BA;ATIVO 
917 ATACADAO - SSA CAJAZEIRAS;BOBINA 25X35;ATACADAO BA;ATIVO 
917 ATACADAO - SSA CAJAZEIRAS;BOBINA 30X40;ATACADAO BA;ATIVO 
917 ATACADAO - SSA CAJAZEIRAS;SACOLA 29X39;ATACADAO BA;ATIVO 
917 ATACADAO - SSA CAJAZEIRAS;SACOLA 38X48;ATACADAO BA;ATIVO 
917 ATACADAO - SSA CAJAZEIRAS;HIPERROLL 15L;ATACADAO BA;ATIVO 
917 ATACADAO - SSA CAJAZEIRAS;HIPERROLL 30L;ATACADAO BA;ATIVO 
917 ATACADAO - SSA CAJAZEIRAS;HIPERROLL 50L;ATACADAO BA;ATIVO 
917 ATACADAO - SSA CAJAZEIRAS;HIPERROLL 100L;ATACADAO BA;ATIVO 
917 ATACADAO - SSA CAJAZEIRAS;REFORCADO 100L;ATACADAO BA;ATIVO 
917 ATACADAO - SSA CAJAZEIRAS;REFORCADO 200L;ATACADAO BA;ATIVO 
917 ATACADAO - SSA CAJAZEIRAS;SACOLA VERDE 38X50;ATACADAO BA;ATIVO 
917 ATACADAO - SSA CAJAZEIRAS;SACOLA VERDE 40X50;ATACADAO BA;ATIVO 
942 ATACADAO - SSA CAMPINAS BROTAS;BOBINA 20X30;ATACADAO BA;ATIVO 
942 ATACADAO - SSA CAMPINAS BROTAS;BOBINA 25X35;ATACADAO BA;ATIVO 
942 ATACADAO - SSA CAMPINAS BROTAS;BOBINA 30X40;ATACADAO BA;ATIVO 
942 ATACADAO - SSA CAMPINAS BROTAS;SACOLA 29X39;ATACADAO BA;ATIVO 
942 ATACADAO - SSA CAMPINAS BROTAS;SACOLA 38X48;ATACADAO BA;ATIVO 
942 ATACADAO - SSA CAMPINAS BROTAS;HIPERROLL 15L;ATACADAO BA;ATIVO 
942 ATACADAO - SSA CAMPINAS BROTAS;HIPERROLL 30L;ATACADAO BA;ATIVO 
942 ATACADAO - SSA CAMPINAS BROTAS;HIPERROLL 50L;ATACADAO BA;ATIVO 
942 ATACADAO - SSA CAMPINAS BROTAS;HIPERROLL 100L;ATACADAO BA;ATIVO 
942 ATACADAO - SSA CAMPINAS BROTAS;REFORCADO 100L;ATACADAO BA;ATIVO 
942 ATACADAO - SSA CAMPINAS BROTAS;REFORCADO 200L;ATACADAO BA;ATIVO 
942 ATACADAO - SSA CAMPINAS BROTAS;SACOLA VERDE 38X50;ATACADAO BA;ATIVO 
942 ATACADAO - SSA CAMPINAS BROTAS;SACOLA VERDE 40X50;ATACADAO BA;ATIVO 
618 ATACADAO - SSA GARIBALDI;BOBINA 20X30;ATACADAO BA;ATIVO 
618 ATACADAO - SSA GARIBALDI;BOBINA 25X35;ATACADAO BA;ATIVO 
618 ATACADAO - SSA GARIBALDI;BOBINA 30X40;ATACADAO BA;ATIVO 
618 ATACADAO - SSA GARIBALDI;SACOLA 29X39;ATACADAO BA;ATIVO 
618 ATACADAO - SSA GARIBALDI;SACOLA 38X48;ATACADAO BA;ATIVO 
618 ATACADAO - SSA GARIBALDI;HIPERROLL 15L;ATACADAO BA;ATIVO 
618 ATACADAO - SSA GARIBALDI;HIPERROLL 30L;ATACADAO BA;ATIVO 
618 ATACADAO - SSA GARIBALDI;HIPERROLL 50L;ATACADAO BA;ATIVO 
618 ATACADAO - SSA GARIBALDI;HIPERROLL 100L;ATACADAO BA;ATIVO 
618 ATACADAO - SSA GARIBALDI;REFORCADO 100L;ATACADAO BA;ATIVO 
618 ATACADAO - SSA GARIBALDI;REFORCADO 200L;ATACADAO BA;ATIVO 
618 ATACADAO - SSA GARIBALDI;SACOLA VERDE 38X50;ATACADAO BA;ATIVO 
618 ATACADAO - SSA GARIBALDI;SACOLA VERDE 40X50;ATACADAO BA;ATIVO 
920 ATACADAO - SSA IGUATEMI;BOBINA 20X30;ATACADAO BA;ATIVO 
920 ATACADAO - SSA IGUATEMI;BOBINA 25X35;ATACADAO BA;ATIVO 
920 ATACADAO - SSA IGUATEMI;BOBINA 30X40;ATACADAO BA;ATIVO 
920 ATACADAO - SSA IGUATEMI;SACOLA 29X39;ATACADAO BA;ATIVO 
920 ATACADAO - SSA IGUATEMI;SACOLA 38X48;ATACADAO BA;ATIVO 
920 ATACADAO - SSA IGUATEMI;HIPERROLL 15L;ATACADAO BA;ATIVO 
920 ATACADAO - SSA IGUATEMI;HIPERROLL 30L;ATACADAO BA;ATIVO 
920 ATACADAO - SSA IGUATEMI;HIPERROLL 50L;ATACADAO BA;ATIVO 
920 ATACADAO - SSA IGUATEMI;HIPERROLL 100L;ATACADAO BA;ATIVO 
920 ATACADAO - SSA IGUATEMI;REFORCADO 100L;ATACADAO BA;ATIVO 
920 ATACADAO - SSA IGUATEMI;REFORCADO 200L;ATACADAO BA;ATIVO 
920 ATACADAO - SSA IGUATEMI;SACOLA VERDE 38X50;ATACADAO BA;ATIVO 
920 ATACADAO - SSA IGUATEMI;SACOLA VERDE 40X50;ATACADAO BA;ATIVO 
742 ATACADAO - SSA ITAPUA;BOBINA 20X30;ATACADAO BA;ATIVO 
742 ATACADAO - SSA ITAPUA;BOBINA 25X35;ATACADAO BA;ATIVO 
742 ATACADAO - SSA ITAPUA;BOBINA 30X40;ATACADAO BA;ATIVO 
742 ATACADAO - SSA ITAPUA;SACOLA 29X39;ATACADAO BA;ATIVO 
742 ATACADAO - SSA ITAPUA;SACOLA 38X48;ATACADAO BA;ATIVO 
742 ATACADAO - SSA ITAPUA;HIPERROLL 15L;ATACADAO BA;ATIVO 
742 ATACADAO - SSA ITAPUA;HIPERROLL 30L;ATACADAO BA;ATIVO 
742 ATACADAO - SSA ITAPUA;HIPERROLL 50L;ATACADAO BA;ATIVO 
742 ATACADAO - SSA ITAPUA;HIPERROLL 100L;ATACADAO BA;ATIVO 
742 ATACADAO - SSA ITAPUA;REFORCADO 100L;ATACADAO BA;ATIVO 
742 ATACADAO - SSA ITAPUA;REFORCADO 200L;ATACADAO BA;ATIVO 
742 ATACADAO - SSA ITAPUA;SACOLA VERDE 38X50;ATACADAO BA;ATIVO 
742 ATACADAO - SSA ITAPUA;SACOLA VERDE 40X50;ATACADAO BA;ATIVO 
851 ATACADAO - SSA MARES;BOBINA 20X30;ATACADAO BA;ATIVO 
851 ATACADAO - SSA MARES;BOBINA 25X35;ATACADAO BA;ATIVO 
851 ATACADAO - SSA MARES;BOBINA 30X40;ATACADAO BA;ATIVO 
851 ATACADAO - SSA MARES;SACOLA 29X39;ATACADAO BA;ATIVO 
851 ATACADAO - SSA MARES;SACOLA 38X48;ATACADAO BA;ATIVO 
851 ATACADAO - SSA MARES;HIPERROLL 15L;ATACADAO BA;ATIVO 
851 ATACADAO - SSA MARES;HIPERROLL 30L;ATACADAO BA;ATIVO 
851 ATACADAO - SSA MARES;HIPERROLL 50L;ATACADAO BA;ATIVO 
851 ATACADAO - SSA MARES;HIPERROLL 100L;ATACADAO BA;ATIVO 
851 ATACADAO - SSA MARES;REFORCADO 100L;ATACADAO BA;ATIVO 
851 ATACADAO - SSA MARES;REFORCADO 200L;ATACADAO BA;ATIVO 
851 ATACADAO - SSA MARES;SACOLA VERDE 38X50;ATACADAO BA;ATIVO 
851 ATACADAO - SSA MARES;SACOLA VERDE 40X50;ATACADAO BA;ATIVO 
921 ATACADAO - SSA MATA ESCURA;BOBINA 20X30;ATACADAO BA;ATIVO 
921 ATACADAO - SSA MATA ESCURA;BOBINA 25X35;ATACADAO BA;ATIVO 
921 ATACADAO - SSA MATA ESCURA;BOBINA 30X40;ATACADAO BA;ATIVO 
921 ATACADAO - SSA MATA ESCURA;SACOLA 29X39;ATACADAO BA;ATIVO 
921 ATACADAO - SSA MATA ESCURA;SACOLA 38X48;ATACADAO BA;ATIVO 
921 ATACADAO - SSA MATA ESCURA;HIPERROLL 15L;ATACADAO BA;ATIVO 
921 ATACADAO - SSA MATA ESCURA;HIPERROLL 30L;ATACADAO BA;ATIVO 
921 ATACADAO - SSA MATA ESCURA;HIPERROLL 50L;ATACADAO BA;ATIVO 
921 ATACADAO - SSA MATA ESCURA;HIPERROLL 100L;ATACADAO BA;ATIVO 
921 ATACADAO - SSA MATA ESCURA;REFORCADO 100L;ATACADAO BA;ATIVO 
921 ATACADAO - SSA MATA ESCURA;REFORCADO 200L;ATACADAO BA;ATIVO 
921 ATACADAO - SSA MATA ESCURA;SACOLA VERDE 38X50;ATACADAO BA;ATIVO 
921 ATACADAO - SSA MATA ESCURA;SACOLA VERDE 40X50;ATACADAO BA;ATIVO 
841 ATACADAO - SSA PAU DA LIMA;BOBINA 20X30;ATACADAO BA;ATIVO 
841 ATACADAO - SSA PAU DA LIMA;BOBINA 25X35;ATACADAO BA;ATIVO 
841 ATACADAO - SSA PAU DA LIMA;BOBINA 30X40;ATACADAO BA;ATIVO 
841 ATACADAO - SSA PAU DA LIMA;SACOLA 29X39;ATACADAO BA;ATIVO 
841 ATACADAO - SSA PAU DA LIMA;SACOLA 38X48;ATACADAO BA;ATIVO 
841 ATACADAO - SSA PAU DA LIMA;HIPERROLL 15L;ATACADAO BA;ATIVO 
841 ATACADAO - SSA PAU DA LIMA;HIPERROLL 30L;ATACADAO BA;ATIVO 
841 ATACADAO - SSA PAU DA LIMA;HIPERROLL 50L;ATACADAO BA;ATIVO 
841 ATACADAO - SSA PAU DA LIMA;HIPERROLL 100L;ATACADAO BA;ATIVO 
841 ATACADAO - SSA PAU DA LIMA;REFORCADO 100L;ATACADAO BA;ATIVO 
841 ATACADAO - SSA PAU DA LIMA;REFORCADO 200L;ATACADAO BA;ATIVO 
841 ATACADAO - SSA PAU DA LIMA;SACOLA VERDE 38X50;ATACADAO BA;ATIVO 
841 ATACADAO - SSA PAU DA LIMA;SACOLA VERDE 40X50;ATACADAO BA;ATIVO 
925 ATACADAO - SSA PIRAJA;BOBINA 20X30;ATACADAO BA;ATIVO 
925 ATACADAO - SSA PIRAJA;BOBINA 25X35;ATACADAO BA;ATIVO 
925 ATACADAO - SSA PIRAJA;BOBINA 30X40;ATACADAO BA;ATIVO 
925 ATACADAO - SSA PIRAJA;SACOLA 29X39;ATACADAO BA;ATIVO 
925 ATACADAO - SSA PIRAJA;SACOLA 38X48;ATACADAO BA;ATIVO 
925 ATACADAO - SSA PIRAJA;HIPERROLL 15L;ATACADAO BA;ATIVO 
925 ATACADAO - SSA PIRAJA;HIPERROLL 30L;ATACADAO BA;ATIVO 
925 ATACADAO - SSA PIRAJA;HIPERROLL 50L;ATACADAO BA;ATIVO 
925 ATACADAO - SSA PIRAJA;HIPERROLL 100L;ATACADAO BA;ATIVO 
925 ATACADAO - SSA PIRAJA;REFORCADO 100L;ATACADAO BA;ATIVO 
925 ATACADAO - SSA PIRAJA;REFORCADO 200L;ATACADAO BA;ATIVO 
925 ATACADAO - SSA PIRAJA;SACOLA VERDE 38X50;ATACADAO BA;ATIVO 
925 ATACADAO - SSA PIRAJA;SACOLA VERDE 40X50;ATACADAO BA;ATIVO 
341 ATACADAO - SSA PIRAJA CD;BOBINA 20X30;ATACADAO BA;ATIVO 
341 ATACADAO - SSA PIRAJA CD;BOBINA 25X35;ATACADAO BA;ATIVO 
341 ATACADAO - SSA PIRAJA CD;BOBINA 30X40;ATACADAO BA;ATIVO 
341 ATACADAO - SSA PIRAJA CD;SACOLA 29X39;ATACADAO BA;ATIVO 
341 ATACADAO - SSA PIRAJA CD;SACOLA 38X48;ATACADAO BA;ATIVO 
341 ATACADAO - SSA PIRAJA CD;HIPERROLL 15L;ATACADAO BA;ATIVO 
341 ATACADAO - SSA PIRAJA CD;HIPERROLL 30L;ATACADAO BA;ATIVO 
341 ATACADAO - SSA PIRAJA CD;HIPERROLL 50L;ATACADAO BA;ATIVO 
341 ATACADAO - SSA PIRAJA CD;HIPERROLL 100L;ATACADAO BA;ATIVO 
341 ATACADAO - SSA PIRAJA CD;REFORCADO 100L;ATACADAO BA;ATIVO 
341 ATACADAO - SSA PIRAJA CD;REFORCADO 200L;ATACADAO BA;ATIVO 
341 ATACADAO - SSA PIRAJA CD;SACOLA VERDE 38X50;ATACADAO BA;ATIVO 
341 ATACADAO - SSA PIRAJA CD;SACOLA VERDE 40X50;ATACADAO BA;ATIVO 
696 ATACADAO - SSA PITUBA;BOBINA 20X30;ATACADAO BA;ATIVO 
696 ATACADAO - SSA PITUBA;BOBINA 25X35;ATACADAO BA;ATIVO 
696 ATACADAO - SSA PITUBA;BOBINA 30X40;ATACADAO BA;ATIVO 
696 ATACADAO - SSA PITUBA;SACOLA 29X39;ATACADAO BA;ATIVO 
696 ATACADAO - SSA PITUBA;SACOLA 38X48;ATACADAO BA;ATIVO 
696 ATACADAO - SSA PITUBA;HIPERROLL 15L;ATACADAO BA;ATIVO 
696 ATACADAO - SSA PITUBA;HIPERROLL 30L;ATACADAO BA;ATIVO 
696 ATACADAO - SSA PITUBA;HIPERROLL 50L;ATACADAO BA;ATIVO 
696 ATACADAO - SSA PITUBA;HIPERROLL 100L;ATACADAO BA;ATIVO 
696 ATACADAO - SSA PITUBA;REFORCADO 100L;ATACADAO BA;ATIVO 
696 ATACADAO - SSA PITUBA;REFORCADO 200L;ATACADAO BA;ATIVO 
696 ATACADAO - SSA PITUBA;SACOLA VERDE 38X50;ATACADAO BA;ATIVO 
696 ATACADAO - SSA PITUBA;SACOLA VERDE 40X50;ATACADAO BA;ATIVO 
923 ATACADAO - SSA TROBOGY;BOBINA 20X30;ATACADAO BA;ATIVO 
923 ATACADAO - SSA TROBOGY;BOBINA 25X35;ATACADAO BA;ATIVO 
923 ATACADAO - SSA TROBOGY;BOBINA 30X40;ATACADAO BA;ATIVO 
923 ATACADAO - SSA TROBOGY;SACOLA 29X39;ATACADAO BA;ATIVO 
923 ATACADAO - SSA TROBOGY;SACOLA 38X48;ATACADAO BA;ATIVO 
923 ATACADAO - SSA TROBOGY;HIPERROLL 15L;ATACADAO BA;ATIVO 
923 ATACADAO - SSA TROBOGY;HIPERROLL 30L;ATACADAO BA;ATIVO 
923 ATACADAO - SSA TROBOGY;HIPERROLL 50L;ATACADAO BA;ATIVO 
923 ATACADAO - SSA TROBOGY;HIPERROLL 100L;ATACADAO BA;ATIVO 
923 ATACADAO - SSA TROBOGY;REFORCADO 100L;ATACADAO BA;ATIVO 
923 ATACADAO - SSA TROBOGY;REFORCADO 200L;ATACADAO BA;ATIVO 
923 ATACADAO - SSA TROBOGY;SACOLA VERDE 38X50;ATACADAO BA;ATIVO 
923 ATACADAO - SSA TROBOGY;SACOLA VERDE 40X50;ATACADAO BA;ATIVO 
910 ATACADAO - TEXEIRA DE FREITAS;BOBINA 20X30;ATACADAO BA;ATIVO 
910 ATACADAO - TEXEIRA DE FREITAS;BOBINA 25X35;ATACADAO BA;ATIVO 
910 ATACADAO - TEXEIRA DE FREITAS;BOBINA 30X40;ATACADAO BA;ATIVO 
910 ATACADAO - TEXEIRA DE FREITAS;SACOLA 29X39;ATACADAO BA;ATIVO 
910 ATACADAO - TEXEIRA DE FREITAS;SACOLA 38X48;ATACADAO BA;ATIVO 
910 ATACADAO - TEXEIRA DE FREITAS;HIPERROLL 15L;ATACADAO BA;ATIVO 
910 ATACADAO - TEXEIRA DE FREITAS;HIPERROLL 30L;ATACADAO BA;ATIVO 
910 ATACADAO - TEXEIRA DE FREITAS;HIPERROLL 50L;ATACADAO BA;ATIVO 
910 ATACADAO - TEXEIRA DE FREITAS;HIPERROLL 100L;ATACADAO BA;ATIVO 
910 ATACADAO - TEXEIRA DE FREITAS;REFORCADO 100L;ATACADAO BA;ATIVO 
910 ATACADAO - TEXEIRA DE FREITAS;REFORCADO 200L;ATACADAO BA;ATIVO 
910 ATACADAO - TEXEIRA DE FREITAS;SACOLA VERDE 38X50;ATACADAO BA;ATIVO 
910 ATACADAO - TEXEIRA DE FREITAS;SACOLA VERDE 40X50;ATACADAO BA;ATIVO 
896 ATACADAO - VALENCA;BOBINA 20X30;ATACADAO BA;ATIVO 
896 ATACADAO - VALENCA;BOBINA 25X35;ATACADAO BA;ATIVO 
896 ATACADAO - VALENCA;BOBINA 30X40;ATACADAO BA;ATIVO 
896 ATACADAO - VALENCA;SACOLA 29X39;ATACADAO BA;ATIVO 
896 ATACADAO - VALENCA;SACOLA 38X48;ATACADAO BA;ATIVO 
896 ATACADAO - VALENCA;HIPERROLL 15L;ATACADAO BA;ATIVO 
896 ATACADAO - VALENCA;HIPERROLL 30L;ATACADAO BA;ATIVO 
896 ATACADAO - VALENCA;HIPERROLL 50L;ATACADAO BA;ATIVO 
896 ATACADAO - VALENCA;HIPERROLL 100L;ATACADAO BA;ATIVO 
896 ATACADAO - VALENCA;REFORCADO 100L;ATACADAO BA;ATIVO 
896 ATACADAO - VALENCA;REFORCADO 200L;ATACADAO BA;ATIVO 
896 ATACADAO - VALENCA;SACOLA VERDE 38X50;ATACADAO BA;ATIVO 
896 ATACADAO - VALENCA;SACOLA VERDE 40X50;ATACADAO BA;ATIVO 
94 ATACADAO - VITORIA CONQUISTA CD;BOBINA 20X30;ATACADAO BA;ATIVO 
94 ATACADAO - VITORIA CONQUISTA CD;BOBINA 25X35;ATACADAO BA;ATIVO 
94 ATACADAO - VITORIA CONQUISTA CD;BOBINA 30X40;ATACADAO BA;ATIVO 
94 ATACADAO - VITORIA CONQUISTA CD;SACOLA 29X39;ATACADAO BA;ATIVO 
94 ATACADAO - VITORIA CONQUISTA CD;SACOLA 38X48;ATACADAO BA;ATIVO 
94 ATACADAO - VITORIA CONQUISTA CD;HIPERROLL 15L;ATACADAO BA;ATIVO 
94 ATACADAO - VITORIA CONQUISTA CD;HIPERROLL 30L;ATACADAO BA;ATIVO 
94 ATACADAO - VITORIA CONQUISTA CD;HIPERROLL 50L;ATACADAO BA;ATIVO 
94 ATACADAO - VITORIA CONQUISTA CD;HIPERROLL 100L;ATACADAO BA;ATIVO 
94 ATACADAO - VITORIA CONQUISTA CD;REFORCADO 100L;ATACADAO BA;ATIVO 
94 ATACADAO - VITORIA CONQUISTA CD;REFORCADO 200L;ATACADAO BA;ATIVO 
94 ATACADAO - VITORIA CONQUISTA CD;SACOLA VERDE 38X50;ATACADAO BA;ATIVO 
94 ATACADAO - VITORIA CONQUISTA CD;SACOLA VERDE 40X50;ATACADAO BA;ATIVO 
894 ATACADAO - VITORIA CONQUISTA AV PRES DUTRA - BR;BOBINA 20X30;ATACADAO BA;ATIVO 
894 ATACADAO - VITORIA CONQUISTA AV PRES DUTRA - BR;BOBINA 25X35;ATACADAO BA;ATIVO 
894 ATACADAO - VITORIA CONQUISTA AV PRES DUTRA - BR;BOBINA 30X40;ATACADAO BA;ATIVO 
894 ATACADAO - VITORIA CONQUISTA AV PRES DUTRA - BR;SACOLA 29X39;ATACADAO BA;ATIVO 
894 ATACADAO - VITORIA CONQUISTA AV PRES DUTRA - BR;SACOLA 38X48;ATACADAO BA;ATIVO 
894 ATACADAO - VITORIA CONQUISTA AV PRES DUTRA - BR;HIPERROLL 15L;ATACADAO BA;ATIVO 
894 ATACADAO - VITORIA CONQUISTA AV PRES DUTRA - BR;HIPERROLL 30L;ATACADAO BA;ATIVO 
894 ATACADAO - VITORIA CONQUISTA AV PRES DUTRA - BR;HIPERROLL 50L;ATACADAO BA;ATIVO 
894 ATACADAO - VITORIA CONQUISTA AV PRES DUTRA - BR;HIPERROLL 100L;ATACADAO BA;ATIVO 
894 ATACADAO - VITORIA CONQUISTA AV PRES DUTRA - BR;REFORCADO 100L;ATACADAO BA;ATIVO 
894 ATACADAO - VITORIA CONQUISTA AV PRES DUTRA - BR;REFORCADO 200L;ATACADAO BA;ATIVO 
894 ATACADAO - VITORIA CONQUISTA AV PRES DUTRA - BR;SACOLA VERDE 38X50;ATACADAO BA;ATIVO 
894 ATACADAO - VITORIA CONQUISTA AV PRES DUTRA - BR;SACOLA VERDE 40X50;ATACADAO BA;ATIVO 
820 ATACADAO - VITORIA DA CONQUISTA BRUMADO;BOBINA 20X30;ATACADAO BA;ATIVO 
820 ATACADAO - VITORIA DA CONQUISTA BRUMADO;BOBINA 25X35;ATACADAO BA;ATIVO 
820 ATACADAO - VITORIA DA CONQUISTA BRUMADO;BOBINA 30X40;ATACADAO BA;ATIVO 
820 ATACADAO - VITORIA DA CONQUISTA BRUMADO;SACOLA 29X39;ATACADAO BA;ATIVO 
820 ATACADAO - VITORIA DA CONQUISTA BRUMADO;SACOLA 38X48;ATACADAO BA;ATIVO 
820 ATACADAO - VITORIA DA CONQUISTA BRUMADO;HIPERROLL 15L;ATACADAO BA;ATIVO 
820 ATACADAO - VITORIA DA CONQUISTA BRUMADO;HIPERROLL 30L;ATACADAO BA;ATIVO 
820 ATACADAO - VITORIA DA CONQUISTA BRUMADO;HIPERROLL 50L;ATACADAO BA;ATIVO 
820 ATACADAO - VITORIA DA CONQUISTA BRUMADO;HIPERROLL 100L;ATACADAO BA;ATIVO 
820 ATACADAO - VITORIA DA CONQUISTA BRUMADO;REFORCADO 100L;ATACADAO BA;ATIVO 
820 ATACADAO - VITORIA DA CONQUISTA BRUMADO;REFORCADO 200L;ATACADAO BA;ATIVO 
820 ATACADAO - VITORIA DA CONQUISTA BRUMADO;SACOLA VERDE 38X50;ATACADAO BA;ATIVO 
820 ATACADAO - VITORIA DA CONQUISTA BRUMADO;SACOLA VERDE 40X50;ATACADAO BA;ATIVO 




